customer_unique_id,segment_name,r_score,f_score,m_score,rfm_code,monetary,recency_days,frequency
3ca5a15e04ae31d6e672d677f3fbea9a,"At-Risk Customers",5,2,5,525,1.00,517,1
3ea0dc7679b16aaac1968748e60ea49e,"At-Risk Customers",5,2,5,525,1.00,517,1
3ff672e35097cfd7e1cc43ef64cf4906,"At-Risk Customers",5,2,5,525,1.00,517,1
66832c8a08118ce07d6091866582b30f,"At-Risk Customers",5,2,5,525,1.00,517,1
86de506b9b12ab7fe977b53def0736ef,"At-Risk Customers",5,2,5,525,1.00,517,1
5f37e3a4e259226acfcff519bb54fbc5,"At-Risk Customers",5,2,5,525,1.00,517,1
61346bfa343a1a5814db5b16cd4d655a,"At-Risk Customers",5,2,5,525,1.00,517,1
62317cbed11d75c2098e370870706c85,"At-Risk Customers",5,2,5,525,1.00,517,1
6b999f361fb30b6274f1f63aa445b6bc,"At-Risk Customers",5,2,5,525,1.00,517,1
6fcf468df3f44e24a0cb39e77b287f12,"At-Risk Customers",5,2,5,525,1.00,517,1
7d34f4a28b0abbc5a8ae3e6fc49de2c5,"At-Risk Customers",5,2,5,525,1.00,517,1
8d60a4803f5cf4a4275d5b69009e0e4b,"At-Risk Customers",5,2,5,525,1.00,517,1
91649e225c832551bd36ef7f13c46f3e,"At-Risk Customers",5,2,5,525,1.00,517,1
abc5d89f00acd3f067ea79119ddbf445,"At-Risk Customers",5,2,5,525,1.00,517,1
9acebcf17af624dee704b51e8c17930d,"At-Risk Customers",5,2,5,525,1.00,517,1
b049293d1dbfd9c038175bea4b9b0b72,"At-Risk Customers",5,2,5,525,1.00,517,1
b4a14bd29c6da3d4b9a28abac2047194,"At-Risk Customers",5,2,5,525,1.00,517,1
93301b3d36827181311c650f0ceead5e,"At-Risk Customers",5,2,5,525,1.00,517,1
959957b04abdb0acd726e8f0e700a899,"At-Risk Customers",5,2,5,525,1.00,517,1
a656a885f44c74706aa992d47b46b820,"At-Risk Customers",5,2,5,525,1.00,517,1
c75509c723877bfaa691bba889dcf227,"At-Risk Customers",5,2,5,525,1.00,517,1
d3dd95e28fea1330ca84644f12339780,"At-Risk Customers",5,2,5,525,1.00,517,1
d7ef684a4356c48be1e9b1561092bef6,"At-Risk Customers",5,2,5,525,1.00,517,1
db6a3415113111c49e13e8ca75037728,"At-Risk Customers",5,2,5,525,1.00,518,1
c8c40a3a22947159eab9af128b2e51dd,"At-Risk Customers",5,2,5,525,1.00,518,1
e33df3ad85a5ef73e5c52ab705c587f7,"At-Risk Customers",5,2,5,525,1.00,518,1
e528ecbe1477d5b1772eee90ff2e9420,"At-Risk Customers",5,2,5,525,1.00,518,1
e7cb888e6948cb2c3f9347e048979fbe,"At-Risk Customers",5,2,5,525,1.00,518,1
ddf4401b7ef356067f85442943a7a476,"At-Risk Customers",5,2,5,525,1.00,518,1
de0344bb141d818d7ff8c0b73eb04d7e,"At-Risk Customers",5,2,5,525,1.00,518,1
bc78398ffb6426deee3da12bcccff478,"At-Risk Customers",5,2,5,525,1.00,518,1
3dc70ff7a5b9e83700bcd962bc53513f,"At-Risk Customers",5,2,5,525,1.00,518,1
35b8febc8fd46c7c7e07c29352efbfd5,"At-Risk Customers",5,2,5,525,1.00,518,1
3bdc76a9b822c247122bf22bc27b321d,"At-Risk Customers",5,2,5,525,1.00,518,1
520f032ab7d5fdde131bbc6d7e3520b6,"At-Risk Customers",5,2,5,525,1.00,518,1
536a45120c7e443ad9d244872e8e06a4,"At-Risk Customers",5,2,5,525,1.00,518,1
42daed543c3d0dc96eb236e24c20394d,"At-Risk Customers",5,2,5,525,1.00,518,1
45044049e27a8660cef7b3914c0c5675,"At-Risk Customers",5,2,5,525,1.00,518,1
59acc80225b09b1ae5e1d2a55e9d30f7,"At-Risk Customers",5,2,5,525,1.00,518,1
2f5c9fc06867ca73847b7affeb2b3566,"At-Risk Customers",5,2,5,525,1.00,518,1
f95a2fb1caacbd10edbe4afa7a5980f8,"At-Risk Customers",5,2,5,525,1.00,439,1
e4267ee795e0af3be8273761caef9bae,"At-Risk Customers",5,2,5,525,1.00,440,1
e906b389ad2bfb4058e80f63e73b3458,"At-Risk Customers",5,2,5,525,1.00,440,1
d268e6ccd6cf16a4b2715a699f1a2e31,"At-Risk Customers",5,2,5,525,1.00,440,1
cd330e38c1817294f67186b458cc78a5,"At-Risk Customers",5,2,5,525,1.00,440,1
bc44f1b51fcaf6f98a5cb190773bac95,"At-Risk Customers",5,2,5,525,1.00,440,1
bde87a8332a2a85c6fca9a60e47b1623,"At-Risk Customers",5,2,5,525,1.00,440,1
d84fde13b584512a6d1b95385c7c0138,"At-Risk Customers",5,2,5,525,1.00,440,1
db36d8e5a3311e58855cfb9a1e6ba7a3,"At-Risk Customers",5,2,5,525,1.00,440,1
df580092def28a46b8d75258dc54e0bf,"At-Risk Customers",5,2,5,525,1.00,440,1
69766a92d074c9160685ba9b6b613c3f,"At-Risk Customers",5,2,5,525,1.00,440,1
5f03b965e26e79a371d229cfeeb578d7,"At-Risk Customers",5,2,5,525,1.00,440,1
7b529c96aa061f9fb0d656d94fee9467,"At-Risk Customers",5,2,5,525,1.00,440,1
7bb854844864db3e6321acdc15e1066b,"At-Risk Customers",5,2,5,525,1.00,440,1
82abbdc19e04ff27ed53a83dbc780345,"At-Risk Customers",5,2,5,525,1.00,440,1
073a0317f213dc51964b6f8d3344c592,"At-Risk Customers",5,2,5,525,1.00,440,1
08ef7098aaddca9811a48011d37f850a,"At-Risk Customers",5,2,5,525,1.00,440,1
0ca72b2cf642d1fddb6a5277d95ad183,"At-Risk Customers",5,2,5,525,1.00,440,1
0ec7b76cae390a31a86ce54413f284db,"At-Risk Customers",5,2,5,525,1.00,440,1
10ef5788d6572ed1c8cad5a180b61126,"At-Risk Customers",5,2,5,525,1.00,440,1
1147df62d0f6bed624510249d953b837,"At-Risk Customers",5,2,5,525,1.00,440,1
1b7c39d6febc402d15b38398fcbedd1e,"At-Risk Customers",5,2,5,525,1.00,440,1
20c9ce430a60801a1bec25d1bdf93142,"At-Risk Customers",5,2,5,525,1.00,440,1
066ee6b9c6fc284260ff9a1274a82ca7,"At-Risk Customers",5,2,5,525,1.00,440,1
29cbe38752ab1949f4156179046eeef9,"At-Risk Customers",5,2,5,525,1.00,440,1
2b8be5aade3c3d7b9c8201664b6f76be,"At-Risk Customers",5,2,5,525,1.00,440,1
b46c73397917de0e900df2adc02d1e2d,"At-Risk Customers",5,2,5,525,1.00,440,1
b0d507d4f0e77d9e0082adf8e25a71e8,"At-Risk Customers",5,2,5,525,1.00,440,1
b38838a2e47596dfee72a270515302e1,"At-Risk Customers",5,2,5,525,1.00,440,1
389f5b81fb73b0acd55d2017efe502e8,"At-Risk Customers",5,2,5,525,1.00,440,1
40c4c308279011b2e5b85c75579f415d,"At-Risk Customers",5,2,5,525,1.00,440,1
41e0ca64dedeade38fc6180a11998e32,"At-Risk Customers",5,2,5,525,1.00,440,1
49dddb9ff4a65c97b11140ec20638f79,"At-Risk Customers",5,2,5,525,1.00,440,1
4b21dfe700fe0a91adb2a7b582c16d56,"At-Risk Customers",5,2,5,525,1.00,440,1
4fdd5b3b54ffe8810effba9c253f275a,"At-Risk Customers",5,2,5,525,1.00,440,1
55077ce6a3a8fae29d1ff31f77fd0f55,"At-Risk Customers",5,2,5,525,1.00,440,1
3020a77dc1ba0800c4905f73c5d95a1b,"At-Risk Customers",5,2,5,525,1.00,440,1
2fe5884cad682fbcf82de3ffd522fdaf,"At-Risk Customers",5,2,5,525,1.00,441,1
57b628f46c00f9a7358e5e875d5b4dd0,"At-Risk Customers",5,2,5,525,1.00,441,1
59de1c72ff3794305a1495454f6a942d,"At-Risk Customers",5,2,5,525,1.00,441,1
44f3a3b9008f3ac934ee62f011c22524,"At-Risk Customers",5,2,5,525,1.00,441,1
464249e5d2b515deeea902c219cbc936,"At-Risk Customers",5,2,5,525,1.00,441,1
500d69623afb12361c7149ab944981bf,"At-Risk Customers",5,2,5,525,1.00,441,1
511bb2564ed8ff670961bcf7dbb149c9,"At-Risk Customers",5,2,5,525,1.00,441,1
5597abb1da7abefae47b807babe058c0,"At-Risk Customers",5,2,5,525,1.00,441,1
56030b824757ac1ff1e598db51cca04f,"At-Risk Customers",5,2,5,525,1.00,441,1
3c6cf48555f40864397c53a7da7e4445,"At-Risk Customers",5,2,5,525,1.00,441,1
3e726d9c1ecfcfbf83b51d760cef5290,"At-Risk Customers",5,2,5,525,1.00,441,1
4039b151e0eb6614313bc87b7875f2be,"At-Risk Customers",5,2,5,525,1.00,441,1
4050d7329dec5a860319b7cabc183827,"At-Risk Customers",5,2,5,525,1.00,441,1
4fb7eeb9dd763cdb88a03dd0ad224836,"At-Risk Customers",5,2,5,525,1.00,441,1
78c1337764f4c82e5f2c4c3e7791124b,"At-Risk Customers",5,2,5,525,1.00,441,1
7deb367b46f4aeb7888eeaa8cc29169f,"At-Risk Customers",5,2,5,525,1.00,441,1
6a1bd3531227937b0bf249d29fbf9901,"At-Risk Customers",5,2,5,525,1.00,441,1
73127903e88109f109d03cf2b8cbf6fe,"At-Risk Customers",5,2,5,525,1.00,441,1
749546bdf8a090828900765d7ae56fb2,"At-Risk Customers",5,2,5,525,1.00,441,1
85d7491f5ce9d8a38933002b715e4aa5,"At-Risk Customers",5,2,5,525,1.00,441,1
890eb4e200d53d36b2c49f3ba172887a,"At-Risk Customers",5,2,5,525,1.00,441,1
6be3eeecf800142c9e99fc04dcdcd2ff,"At-Risk Customers",5,2,5,525,1.00,441,1
6cad688e3e207e15fe6d6c38cc0d5125,"At-Risk Customers",5,2,5,525,1.00,441,1
6f8d1a112ba99c85aa68bd8e82f6a021,"At-Risk Customers",5,2,5,525,1.00,441,1
ffbb8dfaa0e54649d8690b85a3ef890d,"At-Risk Customers",5,2,5,525,1.00,441,1
eb783987d9d9d01122c41189e639a052,"At-Risk Customers",5,2,5,525,1.00,441,1
ed469825455b360a729cd1147dd2a4e5,"At-Risk Customers",5,2,5,525,1.00,441,1
f844d699b8187e5c0d06309a8a34b028,"At-Risk Customers",5,2,5,525,1.00,441,1
f96ebf3654fe80df84fa1611b00943bd,"At-Risk Customers",5,2,5,525,1.00,441,1
f99394cf562442b4d929e191cd098118,"At-Risk Customers",5,2,5,525,1.00,441,1
f209f95042c35e55ef380e5481bf5cd3,"At-Risk Customers",5,2,5,525,1.00,441,1
f40eb5de6af3d4c70d1d351c66214920,"At-Risk Customers",5,2,5,525,1.00,441,1
f4b13435b9071903e0d4598e330a0bce,"At-Risk Customers",5,2,5,525,1.00,441,1
e78ccc556d0b10e17e4e8337505dbce4,"At-Risk Customers",5,2,5,525,1.00,441,1
c8f7f21daa374b154b8d6d112b075494,"At-Risk Customers",5,2,5,525,1.00,441,1
c96f3d66f29bbd3bdc317355cbdd8386,"At-Risk Customers",5,2,5,525,1.00,441,1
cbfefd07455c3e3c4ec77ceecfc1af67,"At-Risk Customers",5,2,5,525,1.00,441,1
bb349a4f2d85cdf97c9dbf802011ec91,"At-Risk Customers",5,2,5,525,1.00,441,1
bf4615502114bb8566341a17591144ae,"At-Risk Customers",5,2,5,525,1.00,441,1
aed3e03b42ce7b4958431e118267fb95,"At-Risk Customers",5,2,5,525,1.00,441,1
8d4354a7ba46dee8e1a96179a9407b97,"At-Risk Customers",5,2,5,525,1.00,441,1
8d6a90f4790a154bacc7f0a43a90a0e4,"At-Risk Customers",5,2,5,525,1.00,441,1
8ddb2d8f41573ce2a9b798ab60117125,"At-Risk Customers",5,2,5,525,1.00,441,1
8fd4869508146c4f423b0860ef33d583,"At-Risk Customers",5,2,5,525,1.00,441,1
abd56bffbdeff412b6d29ef953dab556,"At-Risk Customers",5,2,5,525,1.00,441,1
b540762594751cf6c1841aa8788c364b,"At-Risk Customers",5,2,5,525,1.00,441,1
9410c05c403cf6b73c071fa50c8ae641,"At-Risk Customers",5,2,5,525,1.00,441,1
9b2dccad222e3faa329b265f6208c9d2,"At-Risk Customers",5,2,5,525,1.00,441,1
9d7d5b2f4930fc4e18cabde5e5dc2b21,"At-Risk Customers",5,2,5,525,1.00,441,1
a168274dbcb30dcd8b37fba447416251,"At-Risk Customers",5,2,5,525,1.00,441,1
286981bcb37cb55d725d9f2c3bf72c2a,"At-Risk Customers",5,2,5,525,1.00,441,1
07319d7b7677470c57d132ed034858ec,"At-Risk Customers",5,2,5,525,1.00,441,1
160adc55ae0fa7fd58951c99b0a78817,"At-Risk Customers",5,2,5,525,1.00,441,1
172e791ed1b93dfe30a5d911a4c49d1c,"At-Risk Customers",5,2,5,525,1.00,441,1
27dc5a9752fbe3fab28ee4a2a6985163,"At-Risk Customers",5,2,5,525,1.00,441,1
009e70fcdd4ea3769c73210414e73c64,"At-Risk Customers",5,2,5,525,1.00,441,1
040641ad9a73250e1362678a81db1b9b,"At-Risk Customers",5,2,5,525,1.00,441,1
0573d0e58acad0252c134f6f8b5e20ec,"At-Risk Customers",5,2,5,525,1.00,441,1
0698d10fc985e49edcd35ca9d7616dab,"At-Risk Customers",5,2,5,525,1.00,441,1
11fb9ab1fb8ca11233c6226932335408,"At-Risk Customers",5,2,5,525,1.00,441,1
1271e59bf9337e70d4ca21fae84832a3,"At-Risk Customers",5,2,5,525,1.00,441,1
1321d4bbcb405b2fa4cfd37d3e1253b7,"At-Risk Customers",5,2,5,525,1.00,441,1
1e415ca5e025817aebacba148d3d52f9,"At-Risk Customers",5,2,5,525,1.00,442,1
149b43a4776ea0a773ac75bc58830fb9,"At-Risk Customers",5,2,5,525,1.00,442,1
28c9e96d57749798d454f3b4ee31e332,"At-Risk Customers",5,2,5,525,1.00,442,1
2433dce3c78ff42f594634545d3ed10c,"At-Risk Customers",5,2,5,525,1.00,442,1
01d0f02781924f788fd9d0521663fae0,"At-Risk Customers",5,2,5,525,1.00,442,1
04e9d0d712ca6da77124d0ee12be1d6a,"At-Risk Customers",5,2,5,525,1.00,442,1
06c5db39fbbb2349c91208f215c0fc5b,"At-Risk Customers",5,2,5,525,1.00,442,1
ff8d5a4820b9e8b59cdbc2f6102e64e4,"At-Risk Customers",5,2,5,525,1.00,442,1
5b87097b1bf3d4c9234bfcef45c6c8b1,"At-Risk Customers",5,2,5,525,1.00,442,1
5bfd8d2b5093d802f0904c9f5cd10d65,"At-Risk Customers",5,2,5,525,1.00,442,1
5c8a8e12e49d7060eba96af718514e9c,"At-Risk Customers",5,2,5,525,1.00,442,1
2ebb5832820d8d25809f1ae3283491fd,"At-Risk Customers",5,2,5,525,1.00,442,1
303ba11fa5d79bf6bbb41582f3dde9f2,"At-Risk Customers",5,2,5,525,1.00,442,1
5008510088b7b108942cab935e55747d,"At-Risk Customers",5,2,5,525,1.00,442,1
70c2d396ea65224df3f901b0d0cd56c0,"At-Risk Customers",5,2,5,525,1.00,442,1
8868399bd5c6eaf593c73f29ff6bb1e2,"At-Risk Customers",5,2,5,525,1.00,442,1
8a1f02ffc4e03beb2a8af436331043fd,"At-Risk Customers",5,2,5,525,1.00,442,1
8b9e886bb1209cf65c034a764a16a851,"At-Risk Customers",5,2,5,525,1.00,442,1
a324fb6c7e7c06e00ddca5cd47cab53f,"At-Risk Customers",5,2,5,525,1.00,442,1
a50a83f0da93ec0a5f462b3b8c5644f0,"At-Risk Customers",5,2,5,525,1.00,442,1
aa11788e46cab3999d7e9d5fee8760c6,"At-Risk Customers",5,2,5,525,1.00,442,1
b224a6cd45d83bd68f6632a2ec365527,"At-Risk Customers",5,2,5,525,1.00,442,1
ba2c1895f7a564980172df46b35fe611,"At-Risk Customers",5,2,5,525,1.00,442,1
be48df1546e5fce03140a2725c4d297c,"At-Risk Customers",5,2,5,525,1.00,442,1
cf0466c3f2ec13c9c46c5173c2ba5c70,"At-Risk Customers",5,2,5,525,1.00,442,1
cc9232931026e1f4f1e841e6a88cbefb,"At-Risk Customers",5,2,5,525,1.00,442,1
e4116a753c957e67c646e447c2141b2e,"At-Risk Customers",5,2,5,525,1.00,442,1
e8a195f60d266e458b02b0e57e85815d,"At-Risk Customers",5,2,5,525,1.00,442,1
d91be532e6fac7dc74e54faf7085845a,"At-Risk Customers",5,2,5,525,1.00,442,1
d62da58251a3b549a8c58d048981a2f8,"At-Risk Customers",5,2,5,525,1.00,443,1
dff712b02bbaed94147ee35e29296897,"At-Risk Customers",5,2,5,525,1.00,443,1
e338991481507dcf5a1a7eeb72cf256b,"At-Risk Customers",5,2,5,525,1.00,443,1
4c4645e724402ec958ead69dbf1ade6c,"At-Risk Customers",5,2,5,525,1.00,443,1
391e3f4aa9e5ba0bef1228510e0c0a49,"At-Risk Customers",5,2,5,525,1.00,443,1
039dbe7ecc24f88273182692f51ea405,"At-Risk Customers",5,2,5,525,1.00,443,1
04e5504bb1f294ad6f6c7f5157a24eb0,"At-Risk Customers",5,2,5,525,1.00,443,1
2a2a3fad75a86811325aa30582b160a2,"At-Risk Customers",5,2,5,525,1.00,443,1
2dd5a49b95790fb0f14e49a675906cd6,"At-Risk Customers",5,2,5,525,1.00,443,1
1b4a29b662a69713ac6501b2877602ca,"At-Risk Customers",5,2,5,525,1.00,443,1
24c377d6f65a31cf17c30641efc895e9,"At-Risk Customers",5,2,5,525,1.00,443,1
25126926be8dbdb3264285caa7d0c40c,"At-Risk Customers",5,2,5,525,1.00,443,1
0934600022d7017b02d95ef574d80d02,"At-Risk Customers",5,2,5,525,1.00,443,1
0d56c78ed9306af8a4afb0488eb5fc2c,"At-Risk Customers",5,2,5,525,1.00,443,1
f3335c8623493fc04af3d66a5d4dfb2b,"At-Risk Customers",5,2,5,525,1.00,443,1
e9a2267d90aba3e5ea9c9fc15bd8d343,"At-Risk Customers",5,2,5,525,1.00,443,1
eb9e6cfff9699585f120e3fba3ebfc6a,"At-Risk Customers",5,2,5,525,1.00,443,1
8d6f2e86326ed5fec81d8277a82750dc,"At-Risk Customers",5,2,5,525,1.00,443,1
695b1a9949ea23a94dc3ce68267c66ee,"At-Risk Customers",5,2,5,525,1.00,443,1
84c17f3d6c59d15962066beae310aef2,"At-Risk Customers",5,2,5,525,1.00,443,1
5f37cd104461c0fcaaeb1e6119122d87,"At-Risk Customers",5,2,5,525,1.00,443,1
5f559ae955c7022e7774d5850bea5351,"At-Risk Customers",5,2,5,525,1.00,443,1
6dc56cd4c3658649232a8fe993349e48,"At-Risk Customers",5,2,5,525,1.00,444,1
70ab04e3b57c3906f0773f929169c445,"At-Risk Customers",5,2,5,525,1.00,444,1
8a5dd5aacea7e7652946f984c3ecb5e9,"At-Risk Customers",5,2,5,525,1.00,444,1
6900d122a58641c46c1610802aca744b,"At-Risk Customers",5,2,5,525,1.00,444,1
696a957f29ce7dd9d5ae5577cbb2e3ba,"At-Risk Customers",5,2,5,525,1.00,444,1
62e20cecb4d01a1f151ae9dd4f7a8281,"At-Risk Customers",5,2,5,525,1.00,444,1
633e5e4523f31ae50710649f418ac555,"At-Risk Customers",5,2,5,525,1.00,444,1
10f249e9347c9e7da03a93fa0169e177,"At-Risk Customers",5,2,5,525,1.00,444,1
2977f36d8781690eb7c9fc7852afb423,"At-Risk Customers",5,2,5,525,1.00,444,1
0209cc2349a03f00567bb9d24a459829,"At-Risk Customers",5,2,5,525,1.00,444,1
166f0badb3f1888c869e8eaa44ec0512,"At-Risk Customers",5,2,5,525,1.00,444,1
214742e7862ed2c70b22d62a8e68ad56,"At-Risk Customers",5,2,5,525,1.00,444,1
c8cfe34d4b8468b4765a398bbf3897e3,"At-Risk Customers",5,2,5,525,1.00,444,1
c2e56075778d827440c7f4c6e77bd4ed,"At-Risk Customers",5,2,5,525,1.00,444,1
c67d77555c45c127d1499507a038f8f3,"At-Risk Customers",5,2,5,525,1.00,444,1
c74e6e27f6149abbc364faba5d7d4357,"At-Risk Customers",5,2,5,525,1.00,444,1
d172df965b5528bc2b513733f2e99e2f,"At-Risk Customers",5,2,5,525,1.00,444,1
d18c61b5a369015f79ecb26d859d57b0,"At-Risk Customers",5,2,5,525,1.00,444,1
e6f2e772fd1fc899d50419629a6281b5,"At-Risk Customers",5,2,5,525,1.00,444,1
302c1a15f1ada723f22801b30293cde3,"At-Risk Customers",5,2,5,525,1.00,444,1
33862efd56effa1f6ab7afbc3a5cd6dc,"At-Risk Customers",5,2,5,525,1.00,444,1
5158d59cf009d963bc390cf5377bc35a,"At-Risk Customers",5,2,5,525,1.00,444,1
546cb072496e4554cd1357b50ecf1ae6,"At-Risk Customers",5,2,5,525,1.00,444,1
59654be810cae5761b11ae6b37ba187b,"At-Risk Customers",5,2,5,525,1.00,444,1
59f65444dd66028dcc0cf4d88bef9a07,"At-Risk Customers",5,2,5,525,1.00,444,1
5c9f8eb104e412ca09525d20441de41a,"At-Risk Customers",5,2,5,525,1.00,444,1
44635e4c305b4497a1e9b8d224149e31,"At-Risk Customers",5,2,5,525,1.00,444,1
a10bb061247d3d04e668a17cfe6fcf2c,"At-Risk Customers",5,2,5,525,1.00,444,1
a2ac2fb02c970f2da55df544acba8009,"At-Risk Customers",5,2,5,525,1.00,444,1
a37aed06756e47e845dc9e20db88f59b,"At-Risk Customers",5,2,5,525,1.00,444,1
aa67457bb07fde4e952d67b038135bee,"At-Risk Customers",5,2,5,525,1.00,444,1
acca556e877c4ee6aaa815349925fab6,"At-Risk Customers",5,2,5,525,1.00,444,1
96fbd8c5db81ca0b9a5cb273632a1dca,"At-Risk Customers",5,2,5,525,1.00,444,1
af499a728751b79aceabe7f2d2a84e81,"At-Risk Customers",5,2,5,525,1.00,444,1
b78ca8edc230270959653800d7757bef,"At-Risk Customers",5,2,5,525,1.00,444,1
b82efac277edffc8c94ff74869309a7c,"At-Risk Customers",5,2,5,525,1.00,444,1
f923e199120435fc709f1b21fc44e483,"At-Risk Customers",5,2,5,525,1.00,444,1
edac4b33f4fe71b9bd1fe62edc829d86,"At-Risk Customers",5,2,5,525,1.00,445,1
efd2f4f6a5ebfff07943a4a1c80dcf9b,"At-Risk Customers",5,2,5,525,1.00,445,1
f6a39cac9b20115ddf2b41a7a6318ca3,"At-Risk Customers",5,2,5,525,1.00,445,1
fd28ec404b65abf3e0ae6245d79948f0,"At-Risk Customers",5,2,5,525,1.00,445,1
d5d80ce310a2a201de1fe880dfe7b73f,"At-Risk Customers",5,2,5,525,1.00,445,1
dab76a99a4a70d276fd10059ef6e63d6,"At-Risk Customers",5,2,5,525,1.00,445,1
c827cd0940bf566b46a1eac11d7c11ce,"At-Risk Customers",5,2,5,525,1.00,445,1
c4aafd2eb2916764d0bf1acac201688a,"At-Risk Customers",5,2,5,525,1.00,445,1
c66153f5ff38b19dbfb0e5d626c0449a,"At-Risk Customers",5,2,5,525,1.00,445,1
c775c6d539b352d63da235b46ae283e8,"At-Risk Customers",5,2,5,525,1.00,445,1
d045f088e61a2992328a462929fcfc9a,"At-Risk Customers",5,2,5,525,1.00,445,1
d0c35fae8c071cd1e3714d16c2e045cc,"At-Risk Customers",5,2,5,525,1.00,445,1
86d4dc92e6974f6b3537470b87fa120d,"At-Risk Customers",5,2,5,525,1.00,445,1
72739f22a5493890de8cc7f5a1105a1a,"At-Risk Customers",5,2,5,525,1.00,445,1
791ba15cc2553a0c27edba3b32ef9da5,"At-Risk Customers",5,2,5,525,1.00,445,1
63fa3dad6bde01314fc7e125df83fd00,"At-Risk Customers",5,2,5,525,1.00,445,1
65afd4b2d458240edf88f638f7a14a8e,"At-Risk Customers",5,2,5,525,1.00,445,1
24b527c8ed302795d172d4804f433f61,"At-Risk Customers",5,2,5,525,1.00,445,1
00b72937dcd829c0d8ca72ec77cd073c,"At-Risk Customers",5,2,5,525,1.00,445,1
28d9650a4a5f00fcc716da5ee2460012,"At-Risk Customers",5,2,5,525,1.00,445,1
2dc0cb58632261b855647284c297f5fe,"At-Risk Customers",5,2,5,525,1.00,445,1
20a37002322179007fa568552bfac6f2,"At-Risk Customers",5,2,5,525,1.00,445,1
20ed57defe75b3378eb452b2c53a6a4e,"At-Risk Customers",5,2,5,525,1.00,445,1
b654c99744f2fa112d4f7a7762ecfdfe,"At-Risk Customers",5,2,5,525,1.00,445,1
b854c0239ddb345898833db3b80feedb,"At-Risk Customers",5,2,5,525,1.00,445,1
ba4d1a4a2b540edfb2721a5acc6e4461,"At-Risk Customers",5,2,5,525,1.00,445,1
9a9ff4926829d34be58da4036239f095,"At-Risk Customers",5,2,5,525,1.00,445,1
9c4d4ed0a5f29cdd74ff3a3d622ceeaf,"At-Risk Customers",5,2,5,525,1.00,445,1
a18a99f7c9ee15d22e9431b36b32b96b,"At-Risk Customers",5,2,5,525,1.00,445,1
345d82427f12013241a1b2ef4062c28b,"At-Risk Customers",5,2,5,525,1.00,445,1
35b2bbd27795a44fda466212e338e9cc,"At-Risk Customers",5,2,5,525,1.00,445,1
4fcc02418b087994c8ac9481d37560a3,"At-Risk Customers",5,2,5,525,1.00,445,1
5b0ba82c99074b3f7829e159e26bc4fe,"At-Risk Customers",5,2,5,525,1.00,445,1
5b69d5eeec3faa6533684cab0698d686,"At-Risk Customers",5,2,5,525,1.00,445,1
55ca723a8e39c21ab90c53e971eb95cf,"At-Risk Customers",5,2,5,525,1.00,445,1
3d016daf5e02a4aa9ae1d72a3224106e,"At-Risk Customers",5,2,5,525,1.00,445,1
3f77d2e40b9443869099acdda0f3f8a8,"At-Risk Customers",5,2,5,525,1.00,445,1
364759c19c784f6e7ac3dad79f4a5213,"At-Risk Customers",5,2,5,525,1.00,446,1
3883f79ec3d786755e150cb2f9af9f5c,"At-Risk Customers",5,2,5,525,1.00,446,1
3b80d2592c113d689c05232eb90db0ff,"At-Risk Customers",5,2,5,525,1.00,446,1
46372cc621b3c0e52d1e0e7113523466,"At-Risk Customers",5,2,5,525,1.00,446,1
470613575ea5c168b39832a766ec52a6,"At-Risk Customers",5,2,5,525,1.00,446,1
53b6f95d4c3e633335dd1e2e058d26ff,"At-Risk Customers",5,2,5,525,1.00,446,1
5cb9d38e39626a98106af8b691fac4fb,"At-Risk Customers",5,2,5,525,1.00,446,1
5d29bfddb5b180b9e7e4e28628829d19,"At-Risk Customers",5,2,5,525,1.00,446,1
5f54c151c96644521e07c342c19d0d80,"At-Risk Customers",5,2,5,525,1.00,446,1
7fae115999743402d055e4e73f1998e4,"At-Risk Customers",5,2,5,525,1.00,446,1
7fd9feb1225a53711abe04e7c2b1348d,"At-Risk Customers",5,2,5,525,1.00,446,1
8340223572abda7355d99532155d554b,"At-Risk Customers",5,2,5,525,1.00,446,1
8807f164ba3973e38aaee77dbe9ed0d4,"At-Risk Customers",5,2,5,525,1.00,446,1
8970ab3c1e233a3b742a8ea7909518d1,"At-Risk Customers",5,2,5,525,1.00,446,1
688b34f50cc0c919f29f8833e177302a,"At-Risk Customers",5,2,5,525,1.00,446,1
69298d2c495133fc08e9770e7b5a0c66,"At-Risk Customers",5,2,5,525,1.00,446,1
6b37d47561c8e97bd313b89215e0ae88,"At-Risk Customers",5,2,5,525,1.00,446,1
6f30595d862b95418d7b8ecff5a7bcf6,"At-Risk Customers",5,2,5,525,1.00,446,1
f76809a3b7be551c0254a2f8e345512f,"At-Risk Customers",5,2,5,525,1.00,446,1
ebd599a8163e7b1a584c6507947655b2,"At-Risk Customers",5,2,5,525,1.00,446,1
f081cf0e1afcf6b1996a3efdd9e2c043,"At-Risk Customers",5,2,5,525,1.00,446,1
f12f064c0a45fa8ac5b7d8934d1bf853,"At-Risk Customers",5,2,5,525,1.00,446,1
cea30ba8e28354a1ef8ecff28f8c7b62,"At-Risk Customers",5,2,5,525,1.00,446,1
cfdf2eeb223da082e4be3c1259830470,"At-Risk Customers",5,2,5,525,1.00,446,1
d1106d2d918751f7a04b258f7ba6615a,"At-Risk Customers",5,2,5,525,1.00,446,1
d47a6832268d7fb2d351d1dfc7f6efa2,"At-Risk Customers",5,2,5,525,1.00,446,1
e6c6d4529051531f7f00bc307d4e77b5,"At-Risk Customers",5,2,5,525,1.00,446,1
d6192c4071e1808d3966ddd2dec5f601,"At-Risk Customers",5,2,5,525,1.00,446,1
da6de7ba83e36aa42a84362ac4a2f11a,"At-Risk Customers",5,2,5,525,1.00,446,1
c225d4512dd0d07fb643867537a991d4,"At-Risk Customers",5,2,5,525,1.00,446,1
e1d122ac958e4f73ac3a5fb7ee6fb5bf,"At-Risk Customers",5,2,5,525,1.00,446,1
942830bc527cd27e13dbd6e9c37f73c1,"At-Risk Customers",5,2,5,525,1.00,446,1
9b822290b458222b3033bf2cbd6cf4d6,"At-Risk Customers",5,2,5,525,1.00,446,1
aa411b1b95daaed55e37c9e3e60222a1,"At-Risk Customers",5,2,5,525,1.00,446,1
adddad3f8f29debdcafc57d768c540ac,"At-Risk Customers",5,2,5,525,1.00,446,1
ae4b37b37bb22e37fe34ada808837207,"At-Risk Customers",5,2,5,525,1.00,446,1
b1f7a17e4b8df4dc62658689775458bd,"At-Risk Customers",5,2,5,525,1.00,446,1
91802398bf6fcefbd543b8e1ae742642,"At-Risk Customers",5,2,5,525,1.00,446,1
09252bc15c7c9e9b2538343227d15826,"At-Risk Customers",5,2,5,525,1.00,446,1
0d216e34840c7ca11a4ddef86e321dbc,"At-Risk Customers",5,2,5,525,1.00,446,1
0f6179cfaa3f3675e6082c160a42345c,"At-Risk Customers",5,2,5,525,1.00,446,1
22f0a2eef66bad5348fa0a1424a2f403,"At-Risk Customers",5,2,5,525,1.00,446,1
279d9065b859d2c9caf96ce8b2d0c929,"At-Risk Customers",5,2,5,525,1.00,446,1
0124721bc33e0aa6772b42d4ccfd01db,"At-Risk Customers",5,2,5,525,1.00,446,1
141fffdf62fb23fc7032b530daf292b0,"At-Risk Customers",5,2,5,525,1.00,446,1
1480295206423f95fbc45b79ab1b9ace,"At-Risk Customers",5,2,5,525,1.00,446,1
151494ff9bd1dfdcb194b4b89a0adf01,"At-Risk Customers",5,2,5,525,1.00,446,1
195977225dd5b24820770fb1883723b2,"At-Risk Customers",5,2,5,525,1.00,446,1
298888cf6c1dc18e17e944817c30d579,"At-Risk Customers",5,2,5,525,1.00,446,1
2105aa9e3124e57f4f84b60561451a95,"At-Risk Customers",5,2,5,525,1.00,447,1
22b511da0f3532c4593a71a9e4381be1,"At-Risk Customers",5,2,5,525,1.00,447,1
0cda37a2bb960bc86fb2a2c027f995bb,"At-Risk Customers",5,2,5,525,1.00,447,1
113c9bb80bdea9b9490b6ec7a16ebd81,"At-Risk Customers",5,2,5,525,1.00,447,1
127a3d6fb12d12762df4562d90060a3f,"At-Risk Customers",5,2,5,525,1.00,447,1
2e91962621989ec97198ac27456145fa,"At-Risk Customers",5,2,5,525,1.00,447,1
0049dadc30da6a277c1e9d371df5a66f,"At-Risk Customers",5,2,5,525,1.00,447,1
03e0c51cc3401735e5a8861d9bda1a79,"At-Risk Customers",5,2,5,525,1.00,447,1
067fe68a7a118f91c50eb69fedb34edb,"At-Risk Customers",5,2,5,525,1.00,447,1
185d922c5f9d6004170bb4bfa69a98d3,"At-Risk Customers",5,2,5,525,1.00,447,1
f5c3d43516f79d7d8cbe6d90c99d02f7,"At-Risk Customers",5,2,5,525,1.00,447,1
f60fe3cb5de099b3055c4cefada6c1c7,"At-Risk Customers",5,2,5,525,1.00,447,1
fb24197c4a4ebc546b9d0fe21cc13835,"At-Risk Customers",5,2,5,525,1.00,447,1
fe1990c6ee87393318fa63bad46662a3,"At-Risk Customers",5,2,5,525,1.00,447,1
fe734e0b1bff1c3eae41b269bb64c503,"At-Risk Customers",5,2,5,525,1.00,447,1
572e9e13a44a5e4ac5c42e74b324244f,"At-Risk Customers",5,2,5,525,1.00,447,1
5a36e1707c1cc4e2fa138a4dca3d9743,"At-Risk Customers",5,2,5,525,1.00,447,1
386e06719765fa68623aa6e85e3f8e93,"At-Risk Customers",5,2,5,525,1.00,447,1
392f7c62985d3366fe566eb2de44ec46,"At-Risk Customers",5,2,5,525,1.00,447,1
39a4ed05241f994b9ccf709ed5ddae48,"At-Risk Customers",5,2,5,525,1.00,447,1
31a2c5866de0d8e3c7b5cd7f8e6dd97b,"At-Risk Customers",5,2,5,525,1.00,447,1
4910b52e18434ad073715ee8a0599f3e,"At-Risk Customers",5,2,5,525,1.00,447,1
7d382c1e3312c4812845e01dca5b6fc8,"At-Risk Customers",5,2,5,525,1.00,447,1
5f4c641eb4f29caf4b297af7b7f9c418,"At-Risk Customers",5,2,5,525,1.00,447,1
6107bc2e5c7c1afd90c49aad9059322c,"At-Risk Customers",5,2,5,525,1.00,447,1
729e9d3fa93475add3ea25424e83e1ad,"At-Risk Customers",5,2,5,525,1.00,447,1
888ae7a635bc0a352425914f45d3597c,"At-Risk Customers",5,2,5,525,1.00,447,1
6749c23f6f84e744aa768f70b3e09bf3,"At-Risk Customers",5,2,5,525,1.00,447,1
b51cae896d98fa97fd55a38efb71794a,"At-Risk Customers",5,2,5,525,1.00,447,1
955a2985cf248356b4ded39c0a9cc7ad,"At-Risk Customers",5,2,5,525,1.00,447,1
97b7e420622142b94bae2465a7ea4423,"At-Risk Customers",5,2,5,525,1.00,447,1
985afdaf5b848b75bac6a64779632687,"At-Risk Customers",5,2,5,525,1.00,447,1
aff556fd219750a650c1743d0eab1b6a,"At-Risk Customers",5,2,5,525,1.00,447,1
e28632b699506a6c5e9795e4003a9fbc,"At-Risk Customers",5,2,5,525,1.00,447,1
d203eec4add575cf411cebfef2fbd361,"At-Risk Customers",5,2,5,525,1.00,447,1
c8a3f9657d3bc1f4b7343859648b5c9c,"At-Risk Customers",5,2,5,525,1.00,447,1
c63e44efa43f3947087aee96b388d949,"At-Risk Customers",5,2,5,525,1.00,447,1
c71e44e5e3c5e5a320321c3d3a868c20,"At-Risk Customers",5,2,5,525,1.00,447,1
dafed84bd81b77b98a60f77155d1a592,"At-Risk Customers",5,2,5,525,1.00,447,1
c06c7ade0f0655a2c9effc8721770895,"At-Risk Customers",5,2,5,525,1.00,447,1
ba95f4d0b79e00f3d3665485f78ba29e,"At-Risk Customers",5,2,5,525,1.00,448,1
bc3f3fac842dbb77e8fde0b3dfeceb8d,"At-Risk Customers",5,2,5,525,1.00,448,1
d3a7a4556becaf8cdb5ffe412608819c,"At-Risk Customers",5,2,5,525,1.00,448,1
dbba0e863ab58908c70ecffe98bdb522,"At-Risk Customers",5,2,5,525,1.00,448,1
dbdb8cb37ab46bc6abd4b6cb246260ea,"At-Risk Customers",5,2,5,525,1.00,448,1
dddcf588e5e05cf56366b078e169fdc1,"At-Risk Customers",5,2,5,525,1.00,448,1
defbae0ddd4aeca563944124fbcc4bae,"At-Risk Customers",5,2,5,525,1.00,448,1
e01640d0a080496637de72421943310e,"At-Risk Customers",5,2,5,525,1.00,448,1
e266e4669fcc469037c3de148909fa5c,"At-Risk Customers",5,2,5,525,1.00,448,1
e302f39a1fe4cbd92cbfa4ee2ab5d7c5,"At-Risk Customers",5,2,5,525,1.00,448,1
e4f070f3f5040d33b674942b4b42ef03,"At-Risk Customers",5,2,5,525,1.00,448,1
e663700152b55c65c7b44d312bac6da1,"At-Risk Customers",5,2,5,525,1.00,448,1
ce0b851b80f0deffc0ca0d74f6bb7eb4,"At-Risk Customers",5,2,5,525,1.00,448,1
c3599131cc089add5823cadec0ec88ee,"At-Risk Customers",5,2,5,525,1.00,448,1
c4516e71049a603c96623eea5b5837ca,"At-Risk Customers",5,2,5,525,1.00,448,1
a48ce24144099b583b6150e0f69712d4,"At-Risk Customers",5,2,5,525,1.00,589,1
a4b1243a3712eefc2d8ae5d053a1d298,"At-Risk Customers",5,2,5,525,1.00,589,1
a5e42bf4c43302b886ff16d4007fd695,"At-Risk Customers",5,2,5,525,1.00,589,1
b69dceda4140ec6092310b44df4c3962,"At-Risk Customers",5,2,5,525,1.00,590,1
c0ffced3ebdad307fbf1bff6b9f65bca,"At-Risk Customers",5,2,5,525,1.00,590,1
5d2c057bbb50353737f8eb80d08e82f2,"At-Risk Customers",5,2,5,525,1.00,590,1
00115fc7123b5310cf6d3a3aa932699e,"At-Risk Customers",5,2,5,525,1.00,590,1
01838e7d69d87bd8ff2b6ff06789adfb,"At-Risk Customers",5,2,5,525,1.00,590,1
0362cd11581b91270ed0b9a1028b34e5,"At-Risk Customers",5,2,5,525,1.00,590,1
0379a6f96d9befaf749609ba52b17783,"At-Risk Customers",5,2,5,525,1.00,590,1
4bd7f188edf5bda0c155c8460457d76b,"At-Risk Customers",5,2,5,525,1.00,590,1
46dd28b3f7e33b789acf42d3093b7773,"At-Risk Customers",5,2,5,525,1.00,590,1
3564c4748fd6c1097ba1a7e7c6fa5ff1,"At-Risk Customers",5,2,5,525,1.00,590,1
f80f8939945e7124d3aa21129986b932,"At-Risk Customers",5,2,5,525,1.00,590,1
ea4970ec61c209a7e44aebbd2fb7f269,"At-Risk Customers",5,2,5,525,1.00,591,1
7465b59810cbcff4636277053dfd7bbb,"At-Risk Customers",5,2,5,525,1.00,591,1
62e69a7b8e3d109af287f367e3b0f143,"At-Risk Customers",5,2,5,525,1.00,591,1
c45bca52946a193b21364ad877e60342,"At-Risk Customers",5,2,5,525,1.00,591,1
c4a6d90ff659b1fc7a16bb0681f2afa7,"At-Risk Customers",5,2,5,525,1.00,591,1
dd9e24aaf192ccb06c02cc76f40accb4,"At-Risk Customers",5,2,5,525,1.00,591,1
44e2da016dfb42c8d28e6ee043a812a2,"At-Risk Customers",5,2,5,525,1.00,591,1
4f6e6ec3891fe96b3fbe50c587769eec,"At-Risk Customers",5,2,5,525,1.00,591,1
32845d7f61934b59a9c3cce3fad4ba9d,"At-Risk Customers",5,2,5,525,1.00,591,1
2c92b3c621adddeae929cb98870dd6d2,"At-Risk Customers",5,2,5,525,1.00,591,1
054ffdea48c902c9ec66095e46b74c46,"At-Risk Customers",5,2,5,525,1.00,591,1
04b0c01cb1debde1573403fb50c5d915,"At-Risk Customers",5,2,5,525,1.00,592,1
051bc94e9cd865806bba8eeefb336d0a,"At-Risk Customers",5,2,5,525,1.00,592,1
f74f1d6a350eee4e9dc08bfcfc7fe590,"At-Risk Customers",5,2,5,525,1.00,592,1
f171039a67a78b3d57475168802da70a,"At-Risk Customers",5,2,5,525,1.00,592,1
6e53cd87d8ff264139a1afbd7f235c3b,"At-Risk Customers",5,2,5,525,1.00,592,1
6fd85726716a6e806049c1972b4e888e,"At-Risk Customers",5,2,5,525,1.00,592,1
6ff8b0d7b35d5c945633b8d60165691b,"At-Risk Customers",5,2,5,525,1.00,592,1
6390d97ae2f3c536d8a95344fd308a71,"At-Risk Customers",5,2,5,525,1.00,592,1
2f0a45d60154020f24cd2d0758e71028,"At-Risk Customers",5,2,5,525,1.00,592,1
30ad1451a70a8da11a69dc6dcfe31256,"At-Risk Customers",5,2,5,525,1.00,592,1
3855608848a57e1e3c776ac5c336b813,"At-Risk Customers",5,2,5,525,1.00,592,1
ca40481c9c607bad6c15ed1ddf354012,"At-Risk Customers",5,2,5,525,1.00,592,1
d4024fd404e29943c763f316e1383cb4,"At-Risk Customers",5,2,5,525,1.00,592,1
d49f3dae6bad25d05160fc17aca5942d,"At-Risk Customers",5,2,5,525,1.00,592,1
e342ebdde0ad92773298b48def63e714,"At-Risk Customers",5,2,5,525,1.00,593,1
d6fdf70f71d5b82ae601638a446bd228,"At-Risk Customers",5,2,5,525,1.00,593,1
f59dcbbff80e462d11eba16dbbc43ff6,"At-Risk Customers",5,2,5,525,1.00,593,1
04e6136a14d4d23d0b5d79443b94225b,"At-Risk Customers",5,2,5,525,1.00,593,1
173cc731309ecc2b6c8a3ea70a715508,"At-Risk Customers",5,2,5,525,1.00,593,1
1fd8862a2eff56f95aaf5ebbb5619971,"At-Risk Customers",5,2,5,525,1.00,593,1
8f09add4b8d8c9c4311d881d29b8d58c,"At-Risk Customers",5,2,5,525,1.00,593,1
45c09dd7c031515e6a0ceac3d0fd160c,"At-Risk Customers",5,2,5,525,1.00,593,1
4d30f9e0514e084c4ad6368a3afeeceb,"At-Risk Customers",5,2,5,525,1.00,593,1
4fd1b2e7c09c60c05762f31151d464f8,"At-Risk Customers",5,2,5,525,1.00,593,1
6cceb051264e3bac0ac2a98182eba14f,"At-Risk Customers",5,2,5,525,1.00,593,1
7bc7dbe918ad4e7bd68abd2479727ad6,"At-Risk Customers",5,2,5,525,1.00,593,1
71f9d647cd3876fd59aa40c74c81e972,"At-Risk Customers",5,2,5,525,1.00,594,1
64529bfbbfe1ab1832b1bad404aa249e,"At-Risk Customers",5,2,5,525,1.00,594,1
0f69b4a32db912773a707dcf9659450c,"At-Risk Customers",5,2,5,525,1.00,594,1
2d9355ab664231a2eecd5dd9890934ec,"At-Risk Customers",5,2,5,525,1.00,594,1
0651d1d452e23d14caf7c7cf51f46071,"At-Risk Customers",5,2,5,525,1.00,594,1
1c81d0cd06e55c6c1b9a353a32a94c33,"At-Risk Customers",5,2,5,525,1.00,594,1
c15e721e52209690f253a6c8fd1a17de,"At-Risk Customers",5,2,5,525,1.00,594,1
cc93f0fd2d5903386827b0dd3de6fc42,"At-Risk Customers",5,2,5,525,1.00,594,1
cd4b9f268bcad20a5d9cb8b41a2e6ed1,"At-Risk Customers",5,2,5,525,1.00,594,1
f710a2488480f6d18ef5066c1dfb7803,"At-Risk Customers",5,2,5,525,1.00,594,1
faf47b5b5d6da79375665838f42e5136,"At-Risk Customers",5,2,5,525,1.00,594,1
4cee4a02eb33c498d0ad31ff0e7f32f1,"At-Risk Customers",5,2,5,525,1.00,594,1
430e6e24b7e95282f6e8fb4299a63082,"At-Risk Customers",5,2,5,525,1.00,594,1
969df6f6e673e73cac594a693bcf7524,"At-Risk Customers",5,2,5,525,1.00,594,1
9960a7aea9bd658ee554b4c580beb37f,"At-Risk Customers",5,2,5,525,1.00,594,1
92dd9c8abb3cfdd902e9528cab9cc3cf,"At-Risk Customers",5,2,5,525,1.00,594,1
b77373c1be1866a704f28814c378b253,"At-Risk Customers",5,2,5,525,1.00,594,1
90b68b6163beccc6f471d64de5258367,"At-Risk Customers",5,2,5,525,1.00,595,1
ae81c8b1f631eb3108924289a3333c0b,"At-Risk Customers",5,2,5,525,1.00,595,1
6844cfbae485da8c9ac6d7dd38e1d3e3,"At-Risk Customers",5,2,5,525,1.00,595,1
70fc98f125c985e6582a3ef22a1a8bc2,"At-Risk Customers",5,2,5,525,1.00,595,1
2cd2f63f783343de79fd5a430c8b6d43,"At-Risk Customers",5,2,5,525,1.00,595,1
436951eead1cce602da9256d8c59e093,"At-Risk Customers",5,2,5,525,1.00,595,1
f6e2c0cdc5cd3baaf61274104bc4e69a,"At-Risk Customers",5,2,5,525,1.00,595,1
dfad52af74ef4e4efcd09c4f00de979d,"At-Risk Customers",5,2,5,525,1.00,596,1
45a529e4af8f502a189094332e8ed24e,"At-Risk Customers",5,2,5,525,1.00,596,1
48aac093ce4d05afcd577ef894f27dfe,"At-Risk Customers",5,2,5,525,1.00,596,1
2c724eb337b9f040e3a65208e3280b8d,"At-Risk Customers",5,2,5,525,1.00,596,1
1aba41ff60afaade1aadfc1eeb30f87f,"At-Risk Customers",5,2,5,525,1.00,597,1
9ee03e957df37196acff32001e29894f,"At-Risk Customers",5,2,5,525,1.00,597,1
ff9b8e5654b51a827582daf1051b1918,"At-Risk Customers",5,2,5,525,1.00,597,1
edf8176bda73a45c6a47235c7a7726b2,"At-Risk Customers",5,2,5,525,1.00,597,1
861ed4dff1719a5dec6ce78b1132f2de,"At-Risk Customers",5,2,5,525,1.00,597,1
65673eb10bb25611b2a9eda38b0e57ff,"At-Risk Customers",5,2,5,525,1.00,597,1
40a0d0ab497152d487c6f59a27830c98,"At-Risk Customers",5,2,5,525,1.00,597,1
dce5a2ec04713ca71d7fd432f45b70cc,"At-Risk Customers",5,2,5,525,1.00,597,1
c112276ee020e563234bd46993fddc4b,"At-Risk Customers",5,2,5,525,1.00,597,1
d4ec1db68ee6fafe0ce4293bdf2c1b4a,"At-Risk Customers",5,2,5,525,1.00,598,1
fb67e36c7821196d862282dc44ead86b,"At-Risk Customers",5,2,5,525,1.00,598,1
1e9ebbaa6a3a66ad3f47d4480be0bb95,"At-Risk Customers",5,2,5,525,1.00,598,1
0fe412c57843f290998cdb0547b5b233,"At-Risk Customers",5,2,5,525,1.00,598,1
7f11d8cba2b0b40ef25915bf8e0c48c0,"At-Risk Customers",5,2,5,525,1.00,599,1
6ce2c010b9675d72eb43d7d311d9423a,"At-Risk Customers",5,2,5,525,1.00,599,1
62b690c75a3008d4712aa691ac30b7ba,"At-Risk Customers",5,2,5,525,1.00,599,1
c39b2706a13ca378504fe314e7f2f645,"At-Risk Customers",5,2,5,525,1.00,599,1
522d1f87cd0763c5fe91a7277b41197f,"At-Risk Customers",5,2,5,525,1.00,600,1
59299ea0e75eec7b97507e1dc6ac13d1,"At-Risk Customers",5,2,5,525,1.00,600,1
765369a23b18f4f6dfce1757448fbae0,"At-Risk Customers",5,2,5,525,1.00,600,1
f2c06c34d67bef23c659b5500d576cb1,"At-Risk Customers",5,2,5,525,1.00,600,1
9ff65289796499ec62ee319b027dcff0,"At-Risk Customers",5,2,5,525,1.00,600,1
4d16bcc453234aa62a86defb6b08ab85,"At-Risk Customers",5,2,5,525,1.00,601,1
1ae78cd8cf034823e5cca58266ca894e,"At-Risk Customers",5,2,5,525,1.00,601,1
1c259d4575f154dccfefa0576b0ca987,"At-Risk Customers",5,2,5,525,1.00,602,1
4d5db20ccc7f8a5f045b475d9fc6d8ec,"At-Risk Customers",5,2,5,525,1.00,602,1
6d9e2c0d8e12764c96436cdd2cd11655,"At-Risk Customers",5,2,5,525,1.00,603,1
fc00da40808e113053d8a26c3e854ccf,"At-Risk Customers",5,2,5,525,1.00,603,1
c9517b423493063fa4e805acf2cc4564,"At-Risk Customers",5,2,5,525,1.00,605,1
48368b31672665cca1b8a03047a1702a,"At-Risk Customers",5,2,5,525,1.00,605,1
7122b4f327033b35961170342401066c,"At-Risk Customers",5,2,5,525,1.00,605,1
80846d571262926feb13147a5965a9ba,"At-Risk Customers",5,2,5,525,1.00,606,1
da9c90677b1963eca1cf8a14c338cf6e,"At-Risk Customers",5,2,5,525,1.00,606,1
fc545111108ebc9bf49eb27c828d25fd,"At-Risk Customers",5,2,5,525,1.00,606,1
edd1864079b2d69900cbf5c2bcb931c7,"At-Risk Customers",5,2,5,525,1.00,606,1
ef89f6e31311594d74becf9e18c73693,"At-Risk Customers",5,2,5,525,1.00,606,1
b6b2c3c8fd76769b478618a3c2505009,"At-Risk Customers",5,2,5,525,1.00,606,1
b88b78a413e70182e18b032361b24f91,"At-Risk Customers",5,2,5,525,1.00,606,1
aa811dd4c5b1ca28de6db905ec51ad5e,"At-Risk Customers",5,2,5,525,1.00,606,1
4b3207464f5f7a48a7f63fa0b1251d86,"At-Risk Customers",5,2,5,525,1.00,606,1
527cd2850ef91088969ffbef0103dec3,"At-Risk Customers",5,2,5,525,1.00,606,1
29a63a400c3ca9982907ce8de1f19527,"At-Risk Customers",5,2,5,525,1.00,606,1
27ede105a6042b71a261bf57f75fdcf8,"At-Risk Customers",5,2,5,525,1.00,693,1
6259b1f4da26c67879164ebce6333481,"At-Risk Customers",5,2,5,525,1.00,693,1
6b8adddd6900dade3fc39d42df662316,"At-Risk Customers",5,2,5,525,1.00,693,1
7c6157bc4c2bae550d37b6fc445db0d5,"At-Risk Customers",5,2,5,525,1.00,693,1
d6a930873ee3f80aa823cb1d4baca58d,"At-Risk Customers",5,2,5,525,1.00,693,1
d98096b0c597ce4bf28a2839ad0f89fc,"At-Risk Customers",5,2,5,525,1.00,693,1
bb5f2d03e1e945a1e5c1ab23c3de4c64,"At-Risk Customers",5,2,5,525,1.00,693,1
c1b7a862b80f4b3c397d70ec4b1df7c5,"At-Risk Customers",5,2,5,525,1.00,693,1
33faaac58c27088e3a8a8afd6058a6de,"At-Risk Customers",5,2,5,525,1.00,693,1
3c34090736785a45dd8cbf536ad289c4,"At-Risk Customers",5,2,5,525,1.00,693,1
3ed4404759ed8860749e78c75e683180,"At-Risk Customers",5,2,5,525,1.00,693,1
a93b7ffb96986b7ae5bef50b9f789ed8,"At-Risk Customers",5,2,5,525,1.00,693,1
b74deaa44a000da4ce9bf2913cb8e232,"At-Risk Customers",5,2,5,525,1.00,693,1
8fedeab003cb5fbd2bb599ccb940c49d,"At-Risk Customers",5,2,5,525,1.00,693,1
99e41e69b60bd63edd83935499523063,"At-Risk Customers",5,2,5,525,1.00,693,1
a280408a71fb62ddc8ba902d4f86d681,"At-Risk Customers",5,2,5,525,1.00,693,1
72602f19e9db5d1f5245849d55794e52,"At-Risk Customers",5,2,5,525,1.00,694,1
6b681e2738264eb39f1da19f82919630,"At-Risk Customers",5,2,5,525,1.00,694,1
1c5aefec1a2943edd15e52f9e2900e41,"At-Risk Customers",5,2,5,525,1.00,694,1
f706755df4abce09ff6fcdfadbe76166,"At-Risk Customers",5,2,5,525,1.00,694,1
f7ace36f8a10c4b2ede9ea7708e01454,"At-Risk Customers",5,2,5,525,1.00,694,1
c2154b6ca788852f644e6f56dc7abbe9,"At-Risk Customers",5,2,5,525,1.00,694,1
d60a512747263c5307fef65a58ff7532,"At-Risk Customers",5,2,5,525,1.00,695,1
db890d2b3c871e8e4298f21bc8a7736b,"At-Risk Customers",5,2,5,525,1.00,695,1
de6150bc32a048990e6cbb6dbd3825bb,"At-Risk Customers",5,2,5,525,1.00,695,1
1d4e969b43ef0e67167ec4d418830125,"At-Risk Customers",5,2,5,525,1.00,695,1
16c362fd9bd8fd63d3e70f7f94b640a1,"At-Risk Customers",5,2,5,525,1.00,695,1
ad1cb06f09b27e4773870d1f76a68557,"At-Risk Customers",5,2,5,525,1.00,695,1
604f317cbd59b4de7b91326f61626d90,"At-Risk Customers",5,2,5,525,1.00,695,1
81f76d52e6e182a6b3358d20a50d888d,"At-Risk Customers",5,2,5,525,1.00,695,1
ff822e5e1322cef6c211ad8a0591999e,"At-Risk Customers",5,2,5,525,1.00,695,1
f3c581f21aff6af44eae11dc363a6562,"At-Risk Customers",5,2,5,525,1.00,696,1
fb48b86d9a78b53675c121e4ec8981ed,"At-Risk Customers",5,2,5,525,1.00,696,1
acf5cef98a4798f470a2bb70a330ac07,"At-Risk Customers",5,2,5,525,1.00,696,1
95c47b016360d9186ca9138abb0e080d,"At-Risk Customers",5,2,5,525,1.00,696,1
de51ac050e580a6f05fdf0d56fac2cef,"At-Risk Customers",5,2,5,525,1.00,696,1
d291f3a15290c4c1edb70dc04fa8f35c,"At-Risk Customers",5,2,5,525,1.00,696,1
2108073aab31d087b1043c32fd9fdc47,"At-Risk Customers",5,2,5,525,1.00,696,1
215c4eb12924f9cc3c6cbd9a83fd5f69,"At-Risk Customers",5,2,5,525,1.00,696,1
2557b9d6b7d5ca77ebc116062e558214,"At-Risk Customers",5,2,5,525,1.00,696,1
2774c87659bdca5ddfc6df1a688a54e5,"At-Risk Customers",5,2,5,525,1.00,696,1
0d527a050dc34913c5c4746cefae5995,"At-Risk Customers",5,2,5,525,1.00,696,1
15896826233a6eda72c64e1b99a0856a,"At-Risk Customers",5,2,5,525,1.00,696,1
171d92af5bf025428dfc2fd869eb8a04,"At-Risk Customers",5,2,5,525,1.00,696,1
4642cd486e01df18aa3d8468d43b2d9b,"At-Risk Customers",5,2,5,525,1.00,696,1
827e0258c06b6c4bfecec9e54bc04960,"At-Risk Customers",5,2,5,525,1.00,696,1
5d2db05a565eda438cf5069b7be6b1bb,"At-Risk Customers",5,2,5,525,1.00,696,1
71b35d5b0fa5a6a266dd6f103680009c,"At-Risk Customers",5,2,5,525,1.00,697,1
76cfb52cb2b6b08a3a01454ad83e73f1,"At-Risk Customers",5,2,5,525,1.00,697,1
644f6a10e96a8d7888d94d2062d485b5,"At-Risk Customers",5,2,5,525,1.00,697,1
cf3ca218511c73ca4a1c6a19e71f02d4,"At-Risk Customers",5,2,5,525,1.00,697,1
d355afc67927984cd3dc896414197c47,"At-Risk Customers",5,2,5,525,1.00,697,1
90cef361fed2e841d4a2ca888590b952,"At-Risk Customers",5,2,5,525,1.00,697,1
3b32327f677fba6212c2e8e13792da74,"At-Risk Customers",5,2,5,525,1.00,697,1
4543480cbf99692641f5b35eeae7947f,"At-Risk Customers",5,2,5,525,1.00,697,1
4bb9eff279b892251d672d74a4272434,"At-Risk Customers",5,2,5,525,1.00,697,1
18af4524eed79155034a9374880c5078,"At-Risk Customers",5,2,5,525,1.00,697,1
0032c76b20340da25249092a268ce66c,"At-Risk Customers",5,2,5,525,1.00,697,1
2e92a624a8a3f8ab5eb51d42fca60e5b,"At-Risk Customers",5,2,5,525,1.00,697,1
202fad4a680401564558b2cda0c5a8de,"At-Risk Customers",5,2,5,525,1.00,697,1
22e16e7154401d6eb4f7ba788b3edb7e,"At-Risk Customers",5,2,5,525,1.00,697,1
225e63e9d240db566203b1ed918a809c,"At-Risk Customers",5,2,5,525,1.00,698,1
231fb63f9dc7482c7016020ef322b011,"At-Risk Customers",5,2,5,525,1.00,698,1
257c88e7a3ace7aa1a5eb5677f86b5b0,"At-Risk Customers",5,2,5,525,1.00,698,1
12cc890391e57d7123e004856ff1f137,"At-Risk Customers",5,2,5,525,1.00,698,1
f15a952dfc52308d0361288fbf42c7b3,"At-Risk Customers",5,2,5,525,1.00,698,1
6b4f7aec68e9574e9383d72653ae0ea1,"At-Risk Customers",5,2,5,525,1.00,698,1
5f61b10d70849d46be5643b7453e1708,"At-Risk Customers",5,2,5,525,1.00,698,1
760337c825700b7db6d44a71c06753c8,"At-Risk Customers",5,2,5,525,1.00,698,1
ba8e8db5ac53ffa4aca56c6a645b9e05,"At-Risk Customers",5,2,5,525,1.00,698,1
3b6d8779a13d0e022d93c46e814de0fa,"At-Risk Customers",5,2,5,525,1.00,698,1
9a7d84a4238838d9573057c632139951,"At-Risk Customers",5,2,5,525,1.00,698,1
a311db8053cf14527828dd6d89a1f57a,"At-Risk Customers",5,2,5,525,1.00,698,1
a36dfd7f887f03e4818a77b11784236e,"At-Risk Customers",5,2,5,525,1.00,698,1
a6f05f77ad475fa43a454923be0c97e8,"At-Risk Customers",5,2,5,525,1.00,698,1
acf599349b44e4e51d2beacb549313ad,"At-Risk Customers",5,2,5,525,1.00,698,1
b1a17b1877beaabde6421f631c95a734,"At-Risk Customers",5,2,5,525,1.00,699,1
75b181fe0ef694c753c72540c0fdd389,"At-Risk Customers",5,2,5,525,1.00,699,1
5fc74f8947fe099b44a20bde30661d83,"At-Risk Customers",5,2,5,525,1.00,699,1
88bc832f104b6dd684a17dbb1b76e778,"At-Risk Customers",5,2,5,525,1.00,699,1
7af2db50b8a1a1c7fdf77acb033ba6b0,"At-Risk Customers",5,2,5,525,1.00,699,1
7bf845014243c08bdcea071d6981303e,"At-Risk Customers",5,2,5,525,1.00,699,1
0acb54b64345b37d81205175f3f3e779,"At-Risk Customers",5,2,5,525,1.00,699,1
2bf93b9956e26356b52f5d426c7801de,"At-Risk Customers",5,2,5,525,1.00,699,1
2e629c69eaa172cb271dcf7f890f921a,"At-Risk Customers",5,2,5,525,1.00,699,1
f922896769e9517ea3c630f3c8de86d0,"At-Risk Customers",5,2,5,525,1.00,699,1
f99053da7416fd6d626451cd49e44e0f,"At-Risk Customers",5,2,5,525,1.00,699,1
faae4bdf680651e40005ea6f0f90e8b8,"At-Risk Customers",5,2,5,525,1.00,699,1
e59e80fa326ba8d2e055c001d4053ca3,"At-Risk Customers",5,2,5,525,1.00,699,1
cd5a5843d35eebdf90368bf24d4a04cf,"At-Risk Customers",5,2,5,525,1.00,699,1
30a38716bb2d04f12bb813aa2f926270,"At-Risk Customers",5,2,5,525,1.00,699,1
31463a6b3a01f53c3ef1a04a849decf4,"At-Risk Customers",5,2,5,525,1.00,699,1
3c752a5f42170574e38358384ece8819,"At-Risk Customers",5,2,5,525,1.00,699,1
3f4f614c632af7fc7508462a7cb55ac2,"At-Risk Customers",5,2,5,525,1.00,699,1
2f64e403852e6893ae37485d5fcacdaf,"At-Risk Customers",5,2,5,525,1.00,700,1
61db744d2f835035a5625b59350c6b63,"At-Risk Customers",5,2,5,525,1.00,700,1
b7d76e111c89f7ebf14761390f0f7d17,"At-Risk Customers",5,2,5,525,1.00,729,1
e4a3e12a38e84615ed5377597f23c270,"At-Risk Customers",5,2,5,525,1.00,469,1
bff448abe613ae8e4cfc345b8bfd649e,"At-Risk Customers",5,2,5,525,1.00,469,1
c3a8d73d9c04af248b04c0f97b6cb308,"At-Risk Customers",5,2,5,525,1.00,469,1
c4087df3fe3cc151f397a55cf54fbbc9,"At-Risk Customers",5,2,5,525,1.00,469,1
c55ad9a8c04e8009e4ac169f7344a583,"At-Risk Customers",5,2,5,525,1.00,469,1
d1763ffdda14239cb1875f180fe5580b,"At-Risk Customers",5,2,5,525,1.00,469,1
d213a64d6fd8494fd5c0e1ad6d0f8e32,"At-Risk Customers",5,2,5,525,1.00,469,1
d336cd5c3601279d32f5ab1cd9717664,"At-Risk Customers",5,2,5,525,1.00,469,1
d47283d16b3a0e7f303f7f6119b23fad,"At-Risk Customers",5,2,5,525,1.00,469,1
d4c0286f064fdfe0879da14087179a69,"At-Risk Customers",5,2,5,525,1.00,469,1
de166e0e5846bcc902deba22ef24bd77,"At-Risk Customers",5,2,5,525,1.00,469,1
df8fc9f5259ee77b678192c7c3879a94,"At-Risk Customers",5,2,5,525,1.00,469,1
e190a0e6d60fe0c069d55c6d568582e2,"At-Risk Customers",5,2,5,525,1.00,469,1
e19f999a924d99e99755d16a72f18df3,"At-Risk Customers",5,2,5,525,1.00,469,1
ca270b48105d4aa0d747a0529775f19c,"At-Risk Customers",5,2,5,525,1.00,469,1
cdddd3dc1083b83c6cf40e64b850f7da,"At-Risk Customers",5,2,5,525,1.00,469,1
d61c923fff01b0e448672a2159ed5757,"At-Risk Customers",5,2,5,525,1.00,469,1
d7d0c97e3da06dc528b38acc8fb97c1f,"At-Risk Customers",5,2,5,525,1.00,469,1
44e4a44fc7441b07d1b026ba9d786e07,"At-Risk Customers",5,2,5,525,1.00,469,1
45b211aca79fa0a9f848456e9360d3c8,"At-Risk Customers",5,2,5,525,1.00,469,1
54ae160dc850008bb5c8831ac9d81669,"At-Risk Customers",5,2,5,525,1.00,469,1
57a7e4b99d307beb7d7f0f8ca175fd84,"At-Risk Customers",5,2,5,525,1.00,469,1
b4fc454d05ffad7daaf0115ff3eb1f38,"At-Risk Customers",5,2,5,525,1.00,469,1
aaeb615657f69f571ffa90d2bd471914,"At-Risk Customers",5,2,5,525,1.00,469,1
aca735efe5db1358d0d51b746e85fb8b,"At-Risk Customers",5,2,5,525,1.00,469,1
8e4c808c556cf8200933390024448ddb,"At-Risk Customers",5,2,5,525,1.00,469,1
8e5a8d9363eb6296154b65750c8702ca,"At-Risk Customers",5,2,5,525,1.00,469,1
926bb51421314135d53c077ae76f3a17,"At-Risk Customers",5,2,5,525,1.00,469,1
ae2b4e3fee581c9f7a8858c7037a0891,"At-Risk Customers",5,2,5,525,1.00,469,1
b05dc8ebf6b00bda6748a2ed4a5fbcac,"At-Risk Customers",5,2,5,525,1.00,469,1
933c39b91054168880e0c148bb686dbe,"At-Risk Customers",5,2,5,525,1.00,469,1
967c6c86748806add5521493a585b49b,"At-Risk Customers",5,2,5,525,1.00,469,1
976894a9f3e1aa6ad8fe43ba1fef7861,"At-Risk Customers",5,2,5,525,1.00,469,1
f7e2054e43a3a027229bf46213a5553b,"At-Risk Customers",5,2,5,525,1.00,469,1
f91a0235d18984973f88cdf07a23330c,"At-Risk Customers",5,2,5,525,1.00,469,1
eea6d169d9f5feef04a86bdf68011cf3,"At-Risk Customers",5,2,5,525,1.00,469,1
e9d83ddb5b55277ae391b0e708709f63,"At-Risk Customers",5,2,5,525,1.00,470,1
ed9ab198380446cd2c36517f5c3898b4,"At-Risk Customers",5,2,5,525,1.00,470,1
eea29992cb52b0661b3d32bbaf76b8f0,"At-Risk Customers",5,2,5,525,1.00,470,1
c4c643340c5d988d370b984a13ebea16,"At-Risk Customers",5,2,5,525,1.00,470,1
c4d9283195f6ed693c3ec224f26f9101,"At-Risk Customers",5,2,5,525,1.00,470,1
e332a76173be0bba3419d75a561260b2,"At-Risk Customers",5,2,5,525,1.00,470,1
e75ae2755c9f690e4a258de2ed2fdfe4,"At-Risk Customers",5,2,5,525,1.00,470,1
be21709263d3b8eb12783937f36dfe17,"At-Risk Customers",5,2,5,525,1.00,470,1
be6142cc0f610cf3fdf18d60f2498894,"At-Risk Customers",5,2,5,525,1.00,470,1
bf239907e57d7557cefdade4fe7eeff3,"At-Risk Customers",5,2,5,525,1.00,470,1
c07a76a84540a343ff9d63db21c19b5a,"At-Risk Customers",5,2,5,525,1.00,470,1
c0c2dd9abc68c6aec1964614257ccd0e,"At-Risk Customers",5,2,5,525,1.00,470,1
cca9fea56e655535b663741d14fd4293,"At-Risk Customers",5,2,5,525,1.00,470,1
cd255d3cd4ed220b4c81a81d28d39232,"At-Risk Customers",5,2,5,525,1.00,470,1
cf7dfb0cc05783ea1ab1e68d94ae1f81,"At-Risk Customers",5,2,5,525,1.00,470,1
ded2c5cbdf74038cb0ac494132275052,"At-Risk Customers",5,2,5,525,1.00,470,1
df397f90c1538772d4102ef5faadb297,"At-Risk Customers",5,2,5,525,1.00,470,1
dfbf50eeb9fe8d91e69b973266cd8063,"At-Risk Customers",5,2,5,525,1.00,470,1
e2249bc402f16751afa5815671a58107,"At-Risk Customers",5,2,5,525,1.00,470,1
6bc7c6211092294f2318ced7646e791b,"At-Risk Customers",5,2,5,525,1.00,470,1
79564719249bc8bc24ea522a5efee2fd,"At-Risk Customers",5,2,5,525,1.00,470,1
7c831b62c10b4b9699d30272100f9d04,"At-Risk Customers",5,2,5,525,1.00,470,1
6022be01d480dbd8683c80f9b0514f29,"At-Risk Customers",5,2,5,525,1.00,470,1
89c3bda0974d643b514ca0e84622824c,"At-Risk Customers",5,2,5,525,1.00,470,1
8b13f98a3be1b1d3651656ee73f03edc,"At-Risk Customers",5,2,5,525,1.00,470,1
7492a411232f7dd4b1adb8b335cd1983,"At-Risk Customers",5,2,5,525,1.00,470,1
751404a804fcb7375342481a53993b18,"At-Risk Customers",5,2,5,525,1.00,470,1
84c09bb555869c014a06beccf280d725,"At-Risk Customers",5,2,5,525,1.00,470,1
8537b738200120f21bfa4dea14b3e7d5,"At-Risk Customers",5,2,5,525,1.00,470,1
167fc7fc6cdcd97f9a597ef3c365a815,"At-Risk Customers",5,2,5,525,1.00,470,1
1d2cb8d366f4d9a347991320ef1fa67b,"At-Risk Customers",5,2,5,525,1.00,470,1
2082ae0cb6b125927b782602fd2df100,"At-Risk Customers",5,2,5,525,1.00,470,1
0741ddca958232fa01e77154d45b1fb4,"At-Risk Customers",5,2,5,525,1.00,470,1
083f2bb9b4d2b79d82095cda873e31b0,"At-Risk Customers",5,2,5,525,1.00,470,1
05d1d2d9f0161c5f397ce7fc770910d4,"At-Risk Customers",5,2,5,525,1.00,470,1
06a0ecf9b9478c4d3707dec257facf6b,"At-Risk Customers",5,2,5,525,1.00,470,1
a29ca82b322c504d2b21d483b91fefdb,"At-Risk Customers",5,2,5,525,1.00,470,1
a39d3092eb769ab404416763f602d663,"At-Risk Customers",5,2,5,525,1.00,470,1
ac7584e986cc5736ea0eaa3338f20915,"At-Risk Customers",5,2,5,525,1.00,470,1
93ae88cf69a9eee3b3c3ff151ef5398b,"At-Risk Customers",5,2,5,525,1.00,470,1
96f683e748ecbc72b45e6609eeb0c242,"At-Risk Customers",5,2,5,525,1.00,470,1
9bab4772c790be2269300fe0d3a0ed69,"At-Risk Customers",5,2,5,525,1.00,470,1
aecfcfbdbed5deaea72b8f500f5bd071,"At-Risk Customers",5,2,5,525,1.00,470,1
b2789bbd1e8e71b6f4b16a2806dcdd11,"At-Risk Customers",5,2,5,525,1.00,470,1
5844cade6c591db5be80ac133b1a64b4,"At-Risk Customers",5,2,5,525,1.00,470,1
35651bed380ae418121d130ce37222ed,"At-Risk Customers",5,2,5,525,1.00,470,1
39c0f2181d8dbc8d1c1f99bd15d161bc,"At-Risk Customers",5,2,5,525,1.00,470,1
4bb151996e2d125f227785d3e4c3ebc6,"At-Risk Customers",5,2,5,525,1.00,470,1
4c34d2ee146ada6cab4004100f065fd7,"At-Risk Customers",5,2,5,525,1.00,470,1
34f621d6b7b92ad2d4e895315af716a4,"At-Risk Customers",5,2,5,525,1.00,470,1
537c6d4bdd828b0c279c0ab367c93788,"At-Risk Customers",5,2,5,525,1.00,470,1
41a0dc27f21519c6e3b09a8c7b44c9c3,"At-Risk Customers",5,2,5,525,1.00,471,1
49eb55b407f86a1e87d7898594e65c90,"At-Risk Customers",5,2,5,525,1.00,471,1
58c7ab6f4e2267d572bcf5c3a987a01a,"At-Risk Customers",5,2,5,525,1.00,471,1
5b07509a8573da7473f8e94eafd6d985,"At-Risk Customers",5,2,5,525,1.00,471,1
364cb4f2a41aa84eb36090a25f26060c,"At-Risk Customers",5,2,5,525,1.00,471,1
30843e15e0aeb1cabff7dbd25b6e6419,"At-Risk Customers",5,2,5,525,1.00,471,1
7fef4de812315967e0c7b699e88c5753,"At-Risk Customers",5,2,5,525,1.00,471,1
5db263994edb3b2ca1efe7474793bf82,"At-Risk Customers",5,2,5,525,1.00,471,1
6315571ea4d67f9ced8931cd633a0d91,"At-Risk Customers",5,2,5,525,1.00,471,1
70d12eadbc6f55d36dc712fef5317ff8,"At-Risk Customers",5,2,5,525,1.00,471,1
8567dd017ba3de541173ea9c6cc0e94d,"At-Risk Customers",5,2,5,525,1.00,471,1
8813cd4bc7b8fa5dcd778bf3e35ad322,"At-Risk Customers",5,2,5,525,1.00,471,1
77ca9de303d71489cdd541c373319818,"At-Risk Customers",5,2,5,525,1.00,471,1
f359832fd1c530fbb94b787e049f833f,"At-Risk Customers",5,2,5,525,1.00,471,1
e1655711f868152c8d0cebbb06eba97e,"At-Risk Customers",5,2,5,525,1.00,471,1
d92fe8a457947bc974b9b34dd4a8a06d,"At-Risk Customers",5,2,5,525,1.00,471,1
bb7d0736359d0ae9ea4648934d11a25d,"At-Risk Customers",5,2,5,525,1.00,471,1
b302429b41cf3e601313a193da0f6a97,"At-Risk Customers",5,2,5,525,1.00,471,1
b6a1661fb4819608724d58226c7a90c7,"At-Risk Customers",5,2,5,525,1.00,471,1
a012ae83a5e3214d951efa46b8e190fc,"At-Risk Customers",5,2,5,525,1.00,471,1
93456039190d2a2c0cb5cc96b29bb9d5,"At-Risk Customers",5,2,5,525,1.00,471,1
962d26025128e8e5ca4406d754e5c25f,"At-Risk Customers",5,2,5,525,1.00,471,1
19f5169a88039aec61a15afe2b1b4e65,"At-Risk Customers",5,2,5,525,1.00,471,1
21c2111e13a20ae0b1d6ef693f40768c,"At-Risk Customers",5,2,5,525,1.00,471,1
2ab86468156082e06168e255e42df321,"At-Risk Customers",5,2,5,525,1.00,471,1
10ea3655874bc97bfa407485be4cd648,"At-Risk Customers",5,2,5,525,1.00,471,1
0ec8a2bcaa8e0b1ca282f7baf9d89513,"At-Risk Customers",5,2,5,525,1.00,472,1
117f44d4aa91f002c9536beb80eaaaaa,"At-Risk Customers",5,2,5,525,1.00,472,1
02fcb3cf7c2cd6a7754b488313aca1d5,"At-Risk Customers",5,2,5,525,1.00,472,1
19e74a05536d13b34468f8d26164f685,"At-Risk Customers",5,2,5,525,1.00,472,1
1a4d4db5393b394803df246ca68872b4,"At-Risk Customers",5,2,5,525,1.00,472,1
2cc0f5affc2ccbdacbbc6c5e88f5f059,"At-Risk Customers",5,2,5,525,1.00,472,1
0c323a2000ed807d998a8022fce32ae9,"At-Risk Customers",5,2,5,525,1.00,472,1
fd4f8292fc83deb893dca8bf14542c07,"At-Risk Customers",5,2,5,525,1.00,472,1
f6dfa1cb8b2e7caead4ec309a50883f5,"At-Risk Customers",5,2,5,525,1.00,472,1
f8799db7d5b85e5afcb3883fff83a7e5,"At-Risk Customers",5,2,5,525,1.00,472,1
f2531c11e66027f63e2f6414c9b2520d,"At-Risk Customers",5,2,5,525,1.00,472,1
4d7c031660b3c9fdb59e06575b37b737,"At-Risk Customers",5,2,5,525,1.00,472,1
4decb8ffe8615df98bfbd2c8e105562d,"At-Risk Customers",5,2,5,525,1.00,472,1
43f7616a8f37a874ee893f0dea3ba593,"At-Risk Customers",5,2,5,525,1.00,472,1
52949ea878b84dd0c50448b37e6894ce,"At-Risk Customers",5,2,5,525,1.00,472,1
55df93f592e064d6c3f456160d848d00,"At-Risk Customers",5,2,5,525,1.00,472,1
35d9dfb025e2a0ee4d40343b78202ab4,"At-Risk Customers",5,2,5,525,1.00,472,1
3ad62aada70e8ef15f8930d15454a4fb,"At-Risk Customers",5,2,5,525,1.00,472,1
72519c12ba1fb400c3a095f86a1c37b3,"At-Risk Customers",5,2,5,525,1.00,472,1
77722ed28b37c30bc7d25319b0a14b73,"At-Risk Customers",5,2,5,525,1.00,472,1
6b01d3bfa7c7a79abfb824f97c7c6809,"At-Risk Customers",5,2,5,525,1.00,472,1
6ba0cd28d9948876fcb3ac08d95fb2e6,"At-Risk Customers",5,2,5,525,1.00,472,1
6e8fcf6171e78dd27e96456713c17f31,"At-Risk Customers",5,2,5,525,1.00,472,1
6ee8c926b705a0f2f28d833edffdb1a6,"At-Risk Customers",5,2,5,525,1.00,472,1
6f019b3ae310ea52cebb131f8c4cb127,"At-Risk Customers",5,2,5,525,1.00,472,1
6471cc6402153f8ced217bd9ad278bf5,"At-Risk Customers",5,2,5,525,1.00,472,1
671ff3c1497a8bc800a0d65b06afab0f,"At-Risk Customers",5,2,5,525,1.00,472,1
92ff85d68a9b33eef7acc0832636f90f,"At-Risk Customers",5,2,5,525,1.00,472,1
b0a4d00be7f1758826553fcc858f6001,"At-Risk Customers",5,2,5,525,1.00,472,1
b3f1139ef7694b617dc5d3aecf43703b,"At-Risk Customers",5,2,5,525,1.00,472,1
b77ba1748741ff60dc9b72235031a6e8,"At-Risk Customers",5,2,5,525,1.00,472,1
8ef9b266968948cfdee2b9d5fc7503da,"At-Risk Customers",5,2,5,525,1.00,472,1
9ec26421666815a1f25aae522c3e293e,"At-Risk Customers",5,2,5,525,1.00,472,1
c8247b01a0683782448d87babdab6868,"At-Risk Customers",5,2,5,525,1.00,472,1
cda92f71914238a7f8849c472c88a72b,"At-Risk Customers",5,2,5,525,1.00,472,1
d5f4d315a02dde7b381306b21a2bb9c2,"At-Risk Customers",5,2,5,525,1.00,472,1
d8045e16f9b65af3d9051d4c84a69ed4,"At-Risk Customers",5,2,5,525,1.00,472,1
df9451fb506af423b93c08fae06ba9ef,"At-Risk Customers",5,2,5,525,1.00,472,1
e30c407b2c1e3e730634996b3c0da9f5,"At-Risk Customers",5,2,5,525,1.00,472,1
e5e2fc979b6bfeffee571eba28b80c34,"At-Risk Customers",5,2,5,525,1.00,472,1
bac3c6884e558760dc56569bbb0b4e92,"At-Risk Customers",5,2,5,525,1.00,472,1
bc7af253a16261e81b97c0e40ab9466f,"At-Risk Customers",5,2,5,525,1.00,472,1
d0886880ad8e1bb53c74aa0923b0d0cb,"At-Risk Customers",5,2,5,525,1.00,472,1
d47d1e32a4d9ecef199b2bb5bd3d9c18,"At-Risk Customers",5,2,5,525,1.00,472,1
c216b6155d2d91801d73096e3cad6f67,"At-Risk Customers",5,2,5,525,1.00,472,1
c2e6cd02e75e83ebd8c81a89f2209b56,"At-Risk Customers",5,2,5,525,1.00,472,1
c7b748bd163c5b69c546cc17f5d740ab,"At-Risk Customers",5,2,5,525,1.00,472,1
deacc61a94726c15f203d73997b74882,"At-Risk Customers",5,2,5,525,1.00,473,1
dfe1d15b2c0138f025ec35ee2882706a,"At-Risk Customers",5,2,5,525,1.00,473,1
cc6fb2f08a7bcaeef2c65f06e40811df,"At-Risk Customers",5,2,5,525,1.00,473,1
cdd833bc60a44f1fe474fd896f70a6db,"At-Risk Customers",5,2,5,525,1.00,473,1
d3133cefb29933308fe133a43dc60081,"At-Risk Customers",5,2,5,525,1.00,473,1
e5f48bc167ddec4bc538a97e9d689ddb,"At-Risk Customers",5,2,5,525,1.00,473,1
3b9072e96fda813ffbd59bb8c51d0e5f,"At-Risk Customers",5,2,5,525,1.00,473,1
3edd72aec37d086eb6a7f71f6974c488,"At-Risk Customers",5,2,5,525,1.00,473,1
44c818ed1e855cde4c4c2d0e69794e4c,"At-Risk Customers",5,2,5,525,1.00,473,1
477dcd81aa8e72c9945184da3d685236,"At-Risk Customers",5,2,5,525,1.00,473,1
01be09e08ce97be4356a7c93bda4ee70,"At-Risk Customers",5,2,5,525,1.00,473,1
01cf555dad51551a56a1bdc9fbf2acd6,"At-Risk Customers",5,2,5,525,1.00,473,1
031b6bf06cc2c9391a8a403cef221a1a,"At-Risk Customers",5,2,5,525,1.00,473,1
0651cfbea51afc6cfa5ec45bca3ee692,"At-Risk Customers",5,2,5,525,1.00,473,1
132bcd02d6f963e0199a9dc66e881fd1,"At-Risk Customers",5,2,5,525,1.00,473,1
230dc3250a924ee4ed6671d897396fea,"At-Risk Customers",5,2,5,525,1.00,473,1
243d5266b96f1d78a25d2c9daaa8eb8b,"At-Risk Customers",5,2,5,525,1.00,473,1
14713b16a9e8f5b7732763d7f78d3220,"At-Risk Customers",5,2,5,525,1.00,473,1
15a4554642b5fe5a003bb9a7a2ec4893,"At-Risk Customers",5,2,5,525,1.00,473,1
f3df2c0b7cf3814b81b37ff6273f76cd,"At-Risk Customers",5,2,5,525,1.00,473,1
f7f7327cbfcf3a9248607e516ff7069f,"At-Risk Customers",5,2,5,525,1.00,473,1
fabfc93dede309db1077892cce692b5b,"At-Risk Customers",5,2,5,525,1.00,473,1
fb07b99deeb96b15aa108b2835fd0e60,"At-Risk Customers",5,2,5,525,1.00,473,1
fbba76465bd26dd27b80f546d7d4c561,"At-Risk Customers",5,2,5,525,1.00,473,1
9cf6dec2e760c65ea7cb496593d3af57,"At-Risk Customers",5,2,5,525,1.00,473,1
b2721cd583ed718f04e636e3cbbaabc0,"At-Risk Customers",5,2,5,525,1.00,473,1
9454d2cbe5e471d051a3e90f7342e637,"At-Risk Customers",5,2,5,525,1.00,473,1
96da15363c1394365e691b6ca3b8dd7b,"At-Risk Customers",5,2,5,525,1.00,473,1
90436a67885a57f147fb79e6d0e4bc1c,"At-Risk Customers",5,2,5,525,1.00,473,1
b85081fd0080956c8808f326a9039e85,"At-Risk Customers",5,2,5,525,1.00,473,1
a9004f180c4a46d9bbf6790a2fc2a3be,"At-Risk Customers",5,2,5,525,1.00,473,1
7fb6bc16bf80c4b6aea804265afa8ec0,"At-Risk Customers",5,2,5,525,1.00,473,1
831718bd6707ec2db4f411b11f26f3dd,"At-Risk Customers",5,2,5,525,1.00,473,1
72181e64136175fd1000c8af3a087b1f,"At-Risk Customers",5,2,5,525,1.00,473,1
6b6c763cc4d02614d74b0c372127fe13,"At-Risk Customers",5,2,5,525,1.00,473,1
708f43cf48dcbafef3f83ed949e28648,"At-Risk Customers",5,2,5,525,1.00,473,1
679aed9ac12930a0c0104d072560f6f2,"At-Risk Customers",5,2,5,525,1.00,473,1
690163fddcf846b9b94744fc12ef7c61,"At-Risk Customers",5,2,5,525,1.00,473,1
5dd2800b9657f7ba5673bac5210fe0a7,"At-Risk Customers",5,2,5,525,1.00,473,1
8ac795e2c3b0c47d8b67916fc93edccf,"At-Risk Customers",5,2,5,525,1.00,473,1
8597fc7ec5841b2d3832b3ff62c5d2c4,"At-Risk Customers",5,2,5,525,1.00,474,1
89e5359fa2be142772cde79e34891dd0,"At-Risk Customers",5,2,5,525,1.00,474,1
729a2696f78da805198eb9b531775daf,"At-Risk Customers",5,2,5,525,1.00,474,1
75743d98f7c2d040ee738b10bddb452d,"At-Risk Customers",5,2,5,525,1.00,474,1
760ec8cf264a0874772be65e6c9481bd,"At-Risk Customers",5,2,5,525,1.00,474,1
7750817bc39f117b78361cb7e91215eb,"At-Risk Customers",5,2,5,525,1.00,474,1
607cbe3c41183d7a1cd304ad5f777af9,"At-Risk Customers",5,2,5,525,1.00,474,1
6b358d811b05ff63ce5f7086a521d543,"At-Risk Customers",5,2,5,525,1.00,474,1
6d6042bea2b6cc539eb4f1cd825860df,"At-Risk Customers",5,2,5,525,1.00,474,1
68a583388d8e467ef321890883f7016b,"At-Risk Customers",5,2,5,525,1.00,474,1
15bd73fd31976616a6857ebe833c006d,"At-Risk Customers",5,2,5,525,1.00,474,1
10f0e73a73d998d04b80715c553185e8,"At-Risk Customers",5,2,5,525,1.00,474,1
0d565746f4a50bf3b15455f922c054f0,"At-Risk Customers",5,2,5,525,1.00,474,1
04f7df7bc1e973191b15f67fb1648d34,"At-Risk Customers",5,2,5,525,1.00,474,1
0503aa9015de64a6655ea58bf32c6034,"At-Risk Customers",5,2,5,525,1.00,474,1
062db47088ed7f674d6716ebeeb9e6b9,"At-Risk Customers",5,2,5,525,1.00,474,1
1b553902a5bbe6ee54a3aaa7cbfb6816,"At-Risk Customers",5,2,5,525,1.00,474,1
281a589201691767532e496d0d40ebc7,"At-Risk Customers",5,2,5,525,1.00,474,1
29f630c11474af3e0def812741bf85b9,"At-Risk Customers",5,2,5,525,1.00,474,1
2c7e4fe72cb7e29f8aa921ed7e9e9ba8,"At-Risk Customers",5,2,5,525,1.00,474,1
c3f52311e0d977b3a47d494f5302414d,"At-Risk Customers",5,2,5,525,1.00,474,1
c5f7c49309422ad1ab3af1c3519f92f5,"At-Risk Customers",5,2,5,525,1.00,474,1
dc5aa19797b8fb7a4929ad109fb25553,"At-Risk Customers",5,2,5,525,1.00,474,1
e3e79b00fec0242e78f6d0bc5a17a15f,"At-Risk Customers",5,2,5,525,1.00,474,1
3007d31c1b146229015df7b0acb29499,"At-Risk Customers",5,2,5,525,1.00,518,1
34c0fc031160b0ccaa79df4fff464db5,"At-Risk Customers",5,2,5,525,1.00,518,1
160d4adccc67a1eea13bb5ad108f1273,"At-Risk Customers",5,2,5,525,1.00,518,1
2621b577faf30c524ef1f0fff766a575,"At-Risk Customers",5,2,5,525,1.00,518,1
2dbcd4c0ba2dd95f30e19cc91bd07a02,"At-Risk Customers",5,2,5,525,1.00,518,1
02278b7fe04a285092542fa4313cdc31,"At-Risk Customers",5,2,5,525,1.00,518,1
f9ce0171b9df8812316e610bc563b0ad,"At-Risk Customers",5,2,5,525,1.00,518,1
f2b0e487c75dec05c5b2a759baf1d9e9,"At-Risk Customers",5,2,5,525,1.00,518,1
a330c3cd4e607dd2f8dca4e303325e6f,"At-Risk Customers",5,2,5,525,1.00,518,1
9107bdcabca6373f0a08e83943f19df3,"At-Risk Customers",5,2,5,525,1.00,518,1
a6abe15d926391d0b739f4f60ae20b43,"At-Risk Customers",5,2,5,525,1.00,518,1
ac0dbe4690cc1531621c13593ca9e4fd,"At-Risk Customers",5,2,5,525,1.00,518,1
93289d579072811f3202860b159a3c7f,"At-Risk Customers",5,2,5,525,1.00,518,1
b9dbc8b2b8eb1d4d0bc684b729a10cbf,"At-Risk Customers",5,2,5,525,1.00,518,1
81f76e184edb5493e35679a024d09e23,"At-Risk Customers",5,2,5,525,1.00,518,1
87b2e4a2df8e1635a1f89705abb6e94b,"At-Risk Customers",5,2,5,525,1.00,518,1
66bd9505c7bee395349bc1a345233f87,"At-Risk Customers",5,2,5,525,1.00,518,1
6935b767c9c3c6d8c27c9a840bc5c238,"At-Risk Customers",5,2,5,525,1.00,518,1
78d3e255b3ad3aac95d3a8abc75539d1,"At-Risk Customers",5,2,5,525,1.00,518,1
702c374930111c593cdd438702c16076,"At-Risk Customers",5,2,5,525,1.00,519,1
86203c9a693c6372142af3aa3752c8eb,"At-Risk Customers",5,2,5,525,1.00,519,1
8834fc0d71c8c6052a49cb5c4ebb9fb1,"At-Risk Customers",5,2,5,525,1.00,519,1
69e153a22aec26236b01d02d97406801,"At-Risk Customers",5,2,5,525,1.00,519,1
791f21713ed3038a4d418efc8e38b024,"At-Risk Customers",5,2,5,525,1.00,519,1
25edb84d9a9d4d35a86c381770c4c75f,"At-Risk Customers",5,2,5,525,1.00,519,1
2deb710213ca0c110cbfa0fdc047658b,"At-Risk Customers",5,2,5,525,1.00,519,1
bc12004c243db01e675e30cb2ba5d81a,"At-Risk Customers",5,2,5,525,1.00,519,1
c82564ca0ebfac848d21f6a34b2d1e44,"At-Risk Customers",5,2,5,525,1.00,519,1
cd63fb1b20b66ae7f91f848942895493,"At-Risk Customers",5,2,5,525,1.00,519,1
d5cdb071af447725c8cafe4ec4186ea1,"At-Risk Customers",5,2,5,525,1.00,519,1
e81ef5982b279bccee91dd084b3652ca,"At-Risk Customers",5,2,5,525,1.00,519,1
332cf4e83e16004ba7dca932ce82475b,"At-Risk Customers",5,2,5,525,1.00,519,1
53ad9939355ab2c24394d19cbf8e7453,"At-Risk Customers",5,2,5,525,1.00,519,1
436164d6caa038066fed7df68baa0317,"At-Risk Customers",5,2,5,525,1.00,519,1
ba0d6c598452b5d0c342543e341c1b3b,"At-Risk Customers",5,2,5,525,1.00,519,1
b162b6f50e3bf0e06cf147e30b2209ce,"At-Risk Customers",5,2,5,525,1.00,519,1
b25f3cc021d7fd0d1340785cc8bd5001,"At-Risk Customers",5,2,5,525,1.00,519,1
a88eae130fb19297269c32864daf78af,"At-Risk Customers",5,2,5,525,1.00,519,1
aaaa929bac9fc3808e989875aac47ba9,"At-Risk Customers",5,2,5,525,1.00,519,1
f1d1dcc05e0cb05f9e3ec18db7382e03,"At-Risk Customers",5,2,5,525,1.00,519,1
be5f4c2d4e90cdf1051d286f9021b57c,"At-Risk Customers",5,2,5,525,1.00,493,1
d924b89e92b39e420aae895e56059f6d,"At-Risk Customers",5,2,5,525,1.00,493,1
d9dbfa0381f0935c78327417ed931dca,"At-Risk Customers",5,2,5,525,1.00,493,1
db097ddd1fdbbcbafb113f7af87ca3ac,"At-Risk Customers",5,2,5,525,1.00,493,1
cc6677bdee3b6e93655465f3bfbd2cfd,"At-Risk Customers",5,2,5,525,1.00,493,1
c53d03f9adc99be09f81483b33682322,"At-Risk Customers",5,2,5,525,1.00,493,1
512dc65ea5c6b31ea4f821431df4a925,"At-Risk Customers",5,2,5,525,1.00,493,1
4f7ded99cebf4c1ec505f71ef6580bba,"At-Risk Customers",5,2,5,525,1.00,493,1
35c0fa6f2e6bbb3576e725d22e1066b8,"At-Risk Customers",5,2,5,525,1.00,493,1
39e9ca66abb0665312eb31817703476b,"At-Risk Customers",5,2,5,525,1.00,493,1
0d936d4fc643057083df630a57c0ff03,"At-Risk Customers",5,2,5,525,1.00,493,1
1369bb7fb1abd8f428ddcb40e9d868dc,"At-Risk Customers",5,2,5,525,1.00,493,1
1bde50a93148e121bc6aef10e1c0310d,"At-Risk Customers",5,2,5,525,1.00,493,1
154195e324368142c80258e5ea05961a,"At-Risk Customers",5,2,5,525,1.00,493,1
17eca8f3dae2fcda526c3c45edf44f0c,"At-Risk Customers",5,2,5,525,1.00,493,1
037417c0d0accba5baba0125c7fe6acb,"At-Risk Customers",5,2,5,525,1.00,493,1
084366719c9127e938b149e75dd48ad8,"At-Risk Customers",5,2,5,525,1.00,493,1
f490b0fe9e3fbe4bca2885d739b9f3bf,"At-Risk Customers",5,2,5,525,1.00,493,1
f598f55087d93f2fcd104cdeb565ddf3,"At-Risk Customers",5,2,5,525,1.00,493,1
f851ddfafd2e30ed3944f49411b0f551,"At-Risk Customers",5,2,5,525,1.00,493,1
f9597fc39b81c06da320d20e25f3a2c7,"At-Risk Customers",5,2,5,525,1.00,493,1
fa30145b07cad8e972bea351a65216f4,"At-Risk Customers",5,2,5,525,1.00,493,1
b5b4a3b4816d929131b326e43438e045,"At-Risk Customers",5,2,5,525,1.00,493,1
95615be38b35679e3a4a2b3d6e33912d,"At-Risk Customers",5,2,5,525,1.00,493,1
96c42b365616dfda79efe9552891c780,"At-Risk Customers",5,2,5,525,1.00,493,1
af95ce622c3683fc82b4b4de9783fc51,"At-Risk Customers",5,2,5,525,1.00,493,1
b0cd6a169aaf7502ca3783e5e7527921,"At-Risk Customers",5,2,5,525,1.00,493,1
9bd3a0d5aee992c5692a2a912a50d2fb,"At-Risk Customers",5,2,5,525,1.00,493,1
a2b769288a2aaa41e38702fcbf9205bd,"At-Risk Customers",5,2,5,525,1.00,493,1
829187961fd84c5dba349a0178ff7a07,"At-Risk Customers",5,2,5,525,1.00,493,1
84d81d873c6b113606e9c984c4d24f9f,"At-Risk Customers",5,2,5,525,1.00,493,1
5d7ece4f7e312b7f234c125ba99d0d46,"At-Risk Customers",5,2,5,525,1.00,493,1
5f6cd4d25690c282381dd90114f6ba98,"At-Risk Customers",5,2,5,525,1.00,493,1
638b3aff46974791ab154d575190c706,"At-Risk Customers",5,2,5,525,1.00,493,1
6491a32be986a64b3a1d994f51f79e5b,"At-Risk Customers",5,2,5,525,1.00,493,1
719a735ece4d49f8f918d1fdd319cb2f,"At-Risk Customers",5,2,5,525,1.00,493,1
6681ad9a826614b39ecc67e175aa2575,"At-Risk Customers",5,2,5,525,1.00,494,1
6898b2273c4c2e9f697bb597c7df0837,"At-Risk Customers",5,2,5,525,1.00,494,1
68b7335976732cd3d0bf1417eebf8b6d,"At-Risk Customers",5,2,5,525,1.00,494,1
83ff4d3fae541d685ea8687e934c43ec,"At-Risk Customers",5,2,5,525,1.00,494,1
616a2ad9d3147707cec3d08f1d76ba2c,"At-Risk Customers",5,2,5,525,1.00,494,1
733574fd64b59b451830b043017790ec,"At-Risk Customers",5,2,5,525,1.00,494,1
899e8b1252236f5fac662bb92f8d05ea,"At-Risk Customers",5,2,5,525,1.00,494,1
07d559aeede7894ccb00905004c31be4,"At-Risk Customers",5,2,5,525,1.00,494,1
04e5a8efc73cc750a235284e801a2d28,"At-Risk Customers",5,2,5,525,1.00,494,1
1bf8b36d725e5d083cdf35b40bf69a36,"At-Risk Customers",5,2,5,525,1.00,494,1
1eb285dfda5f74ef3d8cb36f4aaddede,"At-Risk Customers",5,2,5,525,1.00,494,1
cf587ddafc6594d449e7c643883a7aab,"At-Risk Customers",5,2,5,525,1.00,494,1
ca45a33e409c8e998391608ba273bfb4,"At-Risk Customers",5,2,5,525,1.00,494,1
d952a28b3cefc24930d97d2ced2ea4e0,"At-Risk Customers",5,2,5,525,1.00,494,1
d9756d0bae52ab0e965b7167a9e48594,"At-Risk Customers",5,2,5,525,1.00,494,1
d99cf97b199a5b8cfb557442f32de75b,"At-Risk Customers",5,2,5,525,1.00,494,1
3e55d286eef9b4650f9d00204bed24bf,"At-Risk Customers",5,2,5,525,1.00,494,1
5277f4f4f336c75c826ec3958286dd13,"At-Risk Customers",5,2,5,525,1.00,494,1
5505925418f2c22004cf0f5bf1f734f2,"At-Risk Customers",5,2,5,525,1.00,494,1
2f3193d667a19fa0ded1efecc6a24a25,"At-Risk Customers",5,2,5,525,1.00,494,1
4ccfac5a7a9bbff89211f40e5085d003,"At-Risk Customers",5,2,5,525,1.00,494,1
451dc9294aabd860bb894e08902f5469,"At-Risk Customers",5,2,5,525,1.00,494,1
a42ffc28669de348758b75a923d1f6d1,"At-Risk Customers",5,2,5,525,1.00,494,1
a963d9fa0caa15d435d12b3ae907b1de,"At-Risk Customers",5,2,5,525,1.00,494,1
9d10bac79cbfafe359de7dfa9f5a1e47,"At-Risk Customers",5,2,5,525,1.00,494,1
9f2c8934978dfccb30125e17c77c2a08,"At-Risk Customers",5,2,5,525,1.00,494,1
93b4c8bdafa9877757c77b519415d274,"At-Risk Customers",5,2,5,525,1.00,494,1
96070e4ed2e1b29611b06c697340c839,"At-Risk Customers",5,2,5,525,1.00,494,1
af4a4064051073083caa2b1d8e2e6ced,"At-Risk Customers",5,2,5,525,1.00,494,1
b2495c024ce0fcaaeb63cdbf58c25316,"At-Risk Customers",5,2,5,525,1.00,494,1
f6b78427cc4aa2ed63f9640e6a9a384b,"At-Risk Customers",5,2,5,525,1.00,494,1
f9fd88cbf7517eaaa81dfd3250d36014,"At-Risk Customers",5,2,5,525,1.00,494,1
eb1f4848156c397ff6d7da148a5af228,"At-Risk Customers",5,2,5,525,1.00,494,1
f59c257b4e1c07eaba8ac8b150f6a62b,"At-Risk Customers",5,2,5,525,1.00,495,1
e9ab8fd8ea96c85be2714c7f573fb7cd,"At-Risk Customers",5,2,5,525,1.00,495,1
eadf7a25dc898684bcc3b31f93d07db8,"At-Risk Customers",5,2,5,525,1.00,495,1
ec1a95e501ad513a4081f463e5f1a10b,"At-Risk Customers",5,2,5,525,1.00,495,1
f8c078728b779487cd347dc770cc00ae,"At-Risk Customers",5,2,5,525,1.00,495,1
ffbb866d7c0d272f9fe12de1b9ee9173,"At-Risk Customers",5,2,5,525,1.00,495,1
d7f8e86b4432d80cb7133994497a0999,"At-Risk Customers",5,2,5,525,1.00,495,1
d11dea88ee53a4f71c18b40b3d659135,"At-Risk Customers",5,2,5,525,1.00,495,1
d32cba0e07a87fa47d988ec46ee4c4ea,"At-Risk Customers",5,2,5,525,1.00,495,1
bb64830e1c89bffc295f3aaed115cdd6,"At-Risk Customers",5,2,5,525,1.00,495,1
c5b4ca98504fdf208ebf29bcf20dcbad,"At-Risk Customers",5,2,5,525,1.00,495,1
c76b9b7efd2e02d6c8627bf5ad450622,"At-Risk Customers",5,2,5,525,1.00,495,1
dbdc4135f75da0b24b1c7d11ed424de0,"At-Risk Customers",5,2,5,525,1.00,495,1
e064aa317474b746b695d84fb68e5ea3,"At-Risk Customers",5,2,5,525,1.00,495,1
e5b9ad454568dad2bd1e128968af4374,"At-Risk Customers",5,2,5,525,1.00,495,1
e687e4462ff939a01153e9b436b4c0b7,"At-Risk Customers",5,2,5,525,1.00,495,1
783c5eb3d74ef5ffd44cb350a1c75a8c,"At-Risk Customers",5,2,5,525,1.00,495,1
7d1149b5fd07faf73b151724324cc000,"At-Risk Customers",5,2,5,525,1.00,495,1
7f83faa7e0d4c4d40da81805e4565a74,"At-Risk Customers",5,2,5,525,1.00,495,1
7fc1f38f97f8a491418a237060de8df0,"At-Risk Customers",5,2,5,525,1.00,495,1
6aacf022d2d4ad0d2324cca846808cdb,"At-Risk Customers",5,2,5,525,1.00,495,1
66fef063fe437a2e4f53df12ad8634bb,"At-Risk Customers",5,2,5,525,1.00,495,1
8746cb518044ba60d9ab698522a04405,"At-Risk Customers",5,2,5,525,1.00,495,1
8a45c522ca8883aa0ef5c24dd8a2a6d0,"At-Risk Customers",5,2,5,525,1.00,495,1
8b3516a013ba3625ea393182970589aa,"At-Risk Customers",5,2,5,525,1.00,495,1
61a1c397116fdd7f8e11038401e5872b,"At-Risk Customers",5,2,5,525,1.00,495,1
61e3a33fd8f6bee5dd1291a2951c8760,"At-Risk Customers",5,2,5,525,1.00,495,1
7424e86c21cb1b270c0676a2c51bc136,"At-Risk Customers",5,2,5,525,1.00,495,1
74f7a6dc5790b5f985170bb3344e7101,"At-Risk Customers",5,2,5,525,1.00,495,1
1b105048a36cf31dbbac4a2eda6ed1fa,"At-Risk Customers",5,2,5,525,1.00,495,1
1ceef9dd9c5a59216a967a8c54bb4bbc,"At-Risk Customers",5,2,5,525,1.00,495,1
2bc046cc2566b168abea7da506a657c2,"At-Risk Customers",5,2,5,525,1.00,495,1
115e8f527981a9bca3f44f2f3213b947,"At-Risk Customers",5,2,5,525,1.00,495,1
0158b70c1d28da409abddfcaa5f0801a,"At-Risk Customers",5,2,5,525,1.00,495,1
03a31fb0bb19aa17e33049b1961e2aef,"At-Risk Customers",5,2,5,525,1.00,495,1
1624d1ba2b7d696d0a532aa17f110747,"At-Risk Customers",5,2,5,525,1.00,495,1
16e05efcf67a32b7c2d15d63c6893f53,"At-Risk Customers",5,2,5,525,1.00,495,1
18d1c8b8b4fd7ace56db7dbb537c0ea2,"At-Risk Customers",5,2,5,525,1.00,495,1
8e82d4d69d82cf596fb0c1f8f032b9a6,"At-Risk Customers",5,2,5,525,1.00,495,1
a09cbb7e4a26757aa3df0191bf48b0ae,"At-Risk Customers",5,2,5,525,1.00,495,1
a3c0388de94b46a488eaeeb545d6dfd4,"At-Risk Customers",5,2,5,525,1.00,495,1
9749628809ac25a989c65fd65ba546b3,"At-Risk Customers",5,2,5,525,1.00,495,1
9b63dad3d78b17032fe82c25b368be51,"At-Risk Customers",5,2,5,525,1.00,495,1
9c209a3050ac652d2296e84a1e58bbb3,"At-Risk Customers",5,2,5,525,1.00,495,1
42f222e3df147ae8e80fe87add2d9c6c,"At-Risk Customers",5,2,5,525,1.00,495,1
48dd0ad9052ca9a7071dd43f9cc8b27e,"At-Risk Customers",5,2,5,525,1.00,495,1
3dd6df883418b89bfb7c9f658f221a25,"At-Risk Customers",5,2,5,525,1.00,495,1
5c94dfc9ac107651749491c1d83a947a,"At-Risk Customers",5,2,5,525,1.00,495,1
4d49ed305390ff5ecd6ead3bfbdbd6b2,"At-Risk Customers",5,2,5,525,1.00,495,1
55c0780366960c4a7f6e9809ca8724ec,"At-Risk Customers",5,2,5,525,1.00,495,1
2f04d9a4a0cb06e7564253c0b8b16299,"At-Risk Customers",5,2,5,525,1.00,495,1
32668a1135a7b7cb6a8462661979fdd0,"At-Risk Customers",5,2,5,525,1.00,495,1
30125b288c8308a0ccc3359784fb50a4,"At-Risk Customers",5,2,5,525,1.00,496,1
30a8cca357635beaeb2409eb769c228b,"At-Risk Customers",5,2,5,525,1.00,496,1
317bb13e4104830907472bf16c69d2cd,"At-Risk Customers",5,2,5,525,1.00,496,1
32bd7fa6d305e3c9a073ec9f2c5a49ad,"At-Risk Customers",5,2,5,525,1.00,496,1
343206fa70e1b17d9fee5608855d9628,"At-Risk Customers",5,2,5,525,1.00,496,1
576047999633e4d581fde3be6a913355,"At-Risk Customers",5,2,5,525,1.00,496,1
44813bd308268f1a43d9be43d47f7444,"At-Risk Customers",5,2,5,525,1.00,496,1
44df09ec29e6f3cd6820e574f32fc151,"At-Risk Customers",5,2,5,525,1.00,496,1
453cd758afff18e40754e677fda9fa59,"At-Risk Customers",5,2,5,525,1.00,496,1
45bf3782c2b705afcacef32d217e2908,"At-Risk Customers",5,2,5,525,1.00,496,1
3dc5aac2bd6aa40693a55c0ddd5c6b72,"At-Risk Customers",5,2,5,525,1.00,496,1
3e75b24d0c39407cff09d8a910526850,"At-Risk Customers",5,2,5,525,1.00,496,1
413ce1f9ef6d348584397f99571faccc,"At-Risk Customers",5,2,5,525,1.00,496,1
428500ebef8dbc008de191d598942b47,"At-Risk Customers",5,2,5,525,1.00,496,1
5353fecd3b6270bcef1daae093bb6e33,"At-Risk Customers",5,2,5,525,1.00,496,1
359529c96224e12f1b74d573e332398d,"At-Risk Customers",5,2,5,525,1.00,496,1
4bf09edbc9088f7b1767c07a710736d2,"At-Risk Customers",5,2,5,525,1.00,496,1
4e9ebef71e3a408b7c191082f7ff4dab,"At-Risk Customers",5,2,5,525,1.00,496,1
4f56cfa326497f52858ccb5b95f3e66c,"At-Risk Customers",5,2,5,525,1.00,496,1
71e55846b128ffcbd7c16b2e5c8b2218,"At-Risk Customers",5,2,5,525,1.00,496,1
7494ae28f5f873f764c2b09fca672b66,"At-Risk Customers",5,2,5,525,1.00,496,1
7624088c15ca1bb59fb907603650066e,"At-Risk Customers",5,2,5,525,1.00,496,1
77109035aef26917b4c23dc142a55bde,"At-Risk Customers",5,2,5,525,1.00,496,1
70b1d1315126a55fc0a512e2dd2e2839,"At-Risk Customers",5,2,5,525,1.00,496,1
80d031e530823c89fb5538142b66d36a,"At-Risk Customers",5,2,5,525,1.00,496,1
5dac8a6c162461827a75f470090ac4ac,"At-Risk Customers",5,2,5,525,1.00,496,1
60a8028f57ccc179fce9ad57b5dc9ab3,"At-Risk Customers",5,2,5,525,1.00,496,1
65f4479c0ea64d2d077e03324d0063b6,"At-Risk Customers",5,2,5,525,1.00,496,1
ea990a6d66d233e174ce328f27e592d4,"At-Risk Customers",5,2,5,525,1.00,496,1
